42.65005955,-71.3246594,4,1.44,298.7999878,-21.91818684,43.26211625
42.65005112,-71.32466556,4,0.36,298.7999878,-10.32162674,34.82197606
42.65005144,-71.32465894,4,0,0,3.699220258,12.34847202
42.6500484,-71.32466064,3,0,0,-43.09473059,11.88112574
42.65004639,-71.32466451,3,0,0,53.06284056,27.82884819
42.65004575,-71.32466407,3,0,0,-9.947547007,16.97882421
42.65004236,-71.32467163,3,0,0,-4.988721111,30.13440653
42.65004479,-71.32467512,3,0.64,298.7999878,20.89304665,-9.954550956
42.65005487,-71.324693,3,1.47,298.7999878,29.28198721,12.05349155
42.65006431,-71.32471344,3,1.94,298.7999878,39.6399951,-4.84400855
42.65009003,-71.32471922,3,2.64,352.2000122,30.33680025,-19.69517694
42.65011749,-71.32471704,3,3.14,2.700000048,8.998686849,-20.64079234
42.65015583,-71.32469192,3,4.12,24.20000076,-1.734823102,-4.253605007
42.65019162,-71.32466196,3,5.01,33.79999924,-24.91492891,7.865070074
42.65022975,-71.32460798,3,5.98,43.70000076,-29.55723416,9.643809419
42.65027208,-71.32454355,3,6.82,46.40000153,-45.64356258,-5.607806378
42.65031435,-71.32447987,3,7.2,44.29999924,-9.168702887,-12.01554361
42.65035563,-71.32441282,3,7.11,44.90000153,-6.410081396,-14.22497205
42.65038902,-71.32436092,3,7.09,42.70000076,-14.11224032,-8.392448854
42.65043009,-71.32430795,3,6.54,48.40000153,-15.64791599,-1.653770883
42.65046415,-71.32425287,4,5.94,49.20000076,-16.73933582,-6.920696431
42.65048914,-71.32420606,4,5.13,49.90000153,-5.939880346,0.003623386
42.65051496,-71.3241695,3,4.3,43.29999924,-15.82858204,-6.558001286
42.65052732,-71.32414649,3,3.03,46.79999924,10.62742224,5.996179243
42.65053041,-71.32413324,3,1.56,46.79999924,34.43491627,14.75992312
42.65052924,-71.32413952,3,0,0,13.97417948,6.525536386
42.65052972,-71.32414432,3,0,0,1.70220264,1.097384427
42.65052815,-71.32414702,3,0,0,0.115155413,-0.22683236
42.65053135,-71.32415033,3,0,0,-0.285095705,-0.631940774
42.6505306,-71.32415219,3,0,0,0.220856928,-0.092498638
42.65052696,-71.32415956,3,0,0,0.080777602,0.387486691
42.65052924,-71.32416507,3,0,0,0.043049561,-0.613218091
42.65052957,-71.32417006,3,0,0,-0.63770954,-0.502997511
42.65052969,-71.32417395,3,0,0,-0.029219926,-0.420650043
42.65053206,-71.3241734,3,0,0,-0.205236551,0.199124258
42.65052694,-71.32416931,3,0,0,-0.205891267,-0.350061796
42.65052531,-71.32416813,3,0,0,0.503700397,0.204388002
42.65052494,-71.32416796,3,0,0,0.277200868,2.336800281
42.65052537,-71.32416727,4,0,0,0.266102767,-1.01334415
42.65052143,-71.32416981,4,0,0,0.447634468,-0.025155041
42.65051802,-71.3241709,4,0,0,-0.035548092,-0.183904653
42.65051756,-71.32417214,4,0,0,0.304809716,0.134861885
42.65051759,-71.32417321,4,0,0,0.166888782,0.010025243
42.65051422,-71.32417421,4,0,0,-0.087596136,0.2132957
42.65051588,-71.32417212,4,0,0,-0.366441385,-0.099360607
42.65051618,-71.32417148,4,0,0,-0.118602822,0.006103363
42.65051508,-71.32417261,4,0,0,-0.113382482,-0.093478758
42.65051501,-71.3241724,4,0,0,-0.308870351,0.152595389
42.65051534,-71.32417411,4,0,0,-0.218469295,0.185448968
42.6505152,-71.32417362,4,0,0,0.011650516,-0.053997289
42.65051525,-71.3241736,4,0,0,0.215349226,-0.314404299
42.65051512,-71.32417369,4,0,0,-0.034038258,0.572420083
42.65051501,-71.32417358,4,0,0,-0.159207576,0.087144673
42.65051472,-71.32417333,4,0,0,-0.016076086,0.64766354
42.65051458,-71.32417322,4,0,0,-0.233780202,0.256978207
42.65051455,-71.32417322,4,0,0,-0.183577266,0.645638114
42.65051454,-71.32417322,4,0,0,-0.302574405,0.229579472
42.65051452,-71.32417319,4,0,0,0.036392741,0.214705965
42.65051446,-71.32417316,4,0,0,-0.193488334,0.462710887
42.65051439,-71.3241731,4,0,0,-0.472158437,0.954451814
42.65051432,-71.32417305,4,0,0,-0.72499904,0.469478797
42.65051428,-71.32417302,4,0,0,-0.464403559,0.793050263
42.65051426,-71.32417299,4,0,0,0.116166724,0.00047419
42.65051418,-71.32417292,4,0,0,-0.938940539,0.528710727
42.65051412,-71.32417285,4,0,0,6.715228038,6.710979774
42.65051406,-71.32417278,4,0,0,10.00970772,9.850792263
42.6505153,-71.32417153,4,0.29,46.79999924,17.17282722,22.93561736
42.65052054,-71.32415468,4,0.83,46.79999924,13.32071813,10.61210047
42.65053688,-71.32412812,4,2.23,52.20000076,-15.10436545,-12.5895081
42.65055691,-71.32407407,4,3.79,52.29999924,4.64829549,2.373731135
42.65058295,-71.3240272,4,4.85,52.59999847,-7.915194143,-6.986632687
42.65061983,-71.32396773,4,5.91,53.90000153,-43.92079245,-1.579555473
42.65065916,-71.3239031,4,6.87,54.59999847,-25.03574753,-19.20735667
42.65070463,-71.3238378,4,7.13,51.59999847,-6.302862355,-9.528126633
42.6507614,-71.32377724,4,7.34,47,3.613229635,-1.368785305
42.65081146,-71.32371812,5,7.45,43,24.17329177,19.58450052
42.65086166,-71.32363717,6,7.65,44.59999847,-4.978065885,1.400081074
42.6509075,-71.32355846,5,8.07,48.70000076,-12.81613112,-3.825058589
42.650949,-71.32348294,6,8.43,48.90000153,-2.417391348,-5.204102235
42.65100709,-71.32340194,5,8.69,47.90000153,-13.93902977,-20.90677581
42.65104813,-71.32331868,5,8.75,48.29999924,-5.443185876,-32.55212069
42.65109813,-71.32324632,5,8.36,47.70000076,37.28458506,15.7512054
42.65114003,-71.32317193,4,7.88,50.20000076,-4.152495676,-1.39012674
42.6511884,-71.32309394,6,8.04,49.29999924,13.47102916,2.173461062
42.65125043,-71.32301983,8,8.32,46.59999847,15.9620643,-4.624217718
42.6512498,-71.32291242,6,8.03,63.59999847,-1.283560957,12.86459687
42.65127304,-71.32280293,7,8.64,67.40000153,3.239495732,2.389049074
42.65133454,-71.32271512,8,8.99,62.70000076,3.6769977,-7.115655377
42.65133801,-71.32260683,7,9.16,77.5,-6.54989799,-11.60557619
42.6513292,-71.32248337,6,9.71,84.5,-9.498853476,14.7746712
42.65134332,-71.32237357,6,10.08,87.30000305,-11.11766906,2.577434919
42.65134397,-71.32224307,6,10.39,90.59999847,-6.101638555,2.05029902
42.65132263,-71.32208235,7,11.2,93.59999847,-5.741659185,5.660270826
42.65132841,-71.32195223,8,10.95,91.30000305,-1.051416098,9.38752989
42.6512502,-71.32184423,9,11.02,104.5999985,6.714029764,3.622822004
42.6511988,-71.32168058,9,11.65,107.9000015,5.798807187,-10.16957375
42.65111429,-71.32154762,8,12.01,109.6999969,2.844229178,-1.639324615
42.65104561,-71.32142528,8,12.12,110.9000015,-6.724488991,12.80217435
42.65099991,-71.32128909,7,12.44,114.6999969,-7.300997437,2.724212739
42.6509229,-71.32114883,6,12.81,117.4000015,-3.146175997,11.64067182
42.65088041,-71.32100461,7,13.05,116.6999969,7.654974614,16.91412373
42.65084786,-71.32085298,12,13.21,116.3000031,19.08627856,27.11931315
42.65078922,-71.3207435,11,13.09,124.1999969,0.601737447,1.770854484
42.65075252,-71.32059216,11,13.49,121.6999969,-18.17094391,14.64681396
42.65069395,-71.32047236,11,13.57,123,-6.966531762,13.82414856
42.65063128,-71.32032878,11,13.49,124,-10.12922752,9.865560029
42.65056712,-71.32019482,11,13.2,124,-1.312265522,2.503495116
42.65050491,-71.32006949,5,12.65,123.3000031,-11.96384287,14.16569101
42.65043815,-71.31994924,5,12,123.9000015,-14.9151058,13.34653938
42.65039865,-71.3198291,4,11.06,123.4000015,-10.64690985,12.72673069
42.65035454,-71.31973304,4,9.91,123.9000015,-3.214753289,14.94119436
42.65031472,-71.31964396,4,8.54,125,21.85414661,-3.967594025
42.65027341,-71.31957436,4,7.19,125,33.56921215,28.61952554
42.65024241,-71.31950343,4,6.44,122.0999985,-7.910897058,2.020814817
42.65023324,-71.3194406,3,5.27,115,25.13863223,0.709665516
42.65022993,-71.31939544,3,4.34,101.0999985,15.26420991,24.35829679
42.65023091,-71.31933635,3,4.31,88.5,-9.37846852,13.85703148
42.65026738,-71.3192789,3,4.48,64.5,-18.8929671,-31.11137076
42.65029554,-71.31924253,3,5.13,47.59999847,11.23663531,-27.18254906
42.65033752,-71.31919841,3,5.58,40.20000076,10.75114871,-21.08566044
42.65038289,-71.31915873,3,6.11,35.09999847,7.892586595,-10.03722018
42.6504336,-71.31911627,3,6.5,33.29999924,-6.758465147,-10.58220102
42.65048684,-71.31907767,3,6.95,32.90000153,-41.1663274,-37.83004398
42.65053893,-71.31903642,3,6.95,31.70000076,14.63115395,-7.902265157
42.65058903,-71.31899886,3,6.39,31.29999924,16.34089529,17.17270691
42.6506368,-71.31895623,4,6.55,34.09999847,20.16589096,24.39253659
42.65067827,-71.3189208,3,6.63,31.39999962,10.86931431,9.766034017
42.65073166,-71.31887502,3,7.44,30.70000076,-21.12087087,-3.125095972
42.65079129,-71.3188319,3,8.11,29,-13.03646686,-14.14151633
42.65085899,-71.31878237,3,8.35,27.29999924,-6.69416257,2.559477477
42.65092653,-71.31874152,3,8.44,25.70000076,6.771579642,11.21529638
42.65099716,-71.31869651,3,8.55,25.60000038,13.34639453,-8.555919713
42.65107392,-71.31865146,3,9.07,22.89999962,-8.927879405,-11.74502007
42.65115746,-71.31860626,3,9.37,22.39999962,-15.48435091,-12.44897155
42.65123116,-71.31857,3,9.31,21.89999962,-18.459442,-30.82349505
42.65130945,-71.31852632,3,9.06,21.29999924,-27.76029574,-33.52644287
42.65137854,-71.31848753,3,8.1,21.89999962,-9.101144006,-6.240726463
42.65143123,-71.31845799,3,6.79,23,-20.50976199,-15.48944393
42.65147648,-71.31843936,3,5.34,23.10000038,-7.84475027,-4.087026438
42.65150605,-71.31842541,3,3.51,23.29999924,26.82544994,26.42439682
42.65152063,-71.31841299,3,1.7,23.29999924,56.27936706,57.65381443
42.65152513,-71.3184091,3,1.02,23.29999924,6.264567095,7.160454537
42.65153354,-71.3184005,3,1.28,23.29999924,-3.24028408,-2.171558378
42.65154885,-71.31839505,3,1.45,23.29999924,-3.221223306,0.577288021
42.65155679,-71.31838638,3,1.47,23.29999924,12.78349887,5.788485262
42.65157327,-71.31838063,3,1.59,23.29999924,17.39195683,19.95035259
42.65159024,-71.31836801,3,1.98,23.29999924,-9.136029509,-7.765955358
42.65161326,-71.31835948,3,2.46,25.60000038,-13.57267625,-11.99655774
42.65163925,-71.31834845,3,2.63,24.20000076,-5.622496654,-4.412856057
42.6516657,-71.31833307,3,2.75,26.70000076,-3.9966119,-1.206318354
42.65168643,-71.31832323,3,2.68,28,-2.301528182,0.67991579
42.65170875,-71.3183089,3,2.66,28.79999924,-0.463134226,0.33100342
42.65173005,-71.31829904,3,2.67,29.89999962,11.40998673,9.111040026
42.65174973,-71.31828298,3,2.76,31.10000038,4.289690274,5.630215183
42.6517721,-71.31826025,3,3.02,29.70000076,26.85942834,12.27782914
42.65179999,-71.31824172,3,3.57,29.79999924,-4.234535264,-2.803149717
42.6518378,-71.31820723,3,4.69,32.20000076,-33.8640216,-24.17302757
42.65188186,-71.31817368,3,5.33,31.70000076,-13.88979615,-25.27891694
42.65192359,-71.31812777,3,5.38,32.90000153,-37.84466975,-27.22776655
42.65196279,-71.31808811,3,5.22,36,-22.77465884,6.112000408
42.65199133,-71.31804695,3,4.49,38,12.37421159,33.7373623
42.65200864,-71.31801289,3,3.73,42.5,-9.051568074,-8.161368086
42.65203087,-71.31798774,3,3.07,39,-8.943424621,-5.330485852
42.65204554,-71.31796652,3,2.73,36.79999924,-9.537271802,-14.14127101
42.65206035,-71.31794584,3,1.97,36.79999924,1.567905053,-2.163814568
42.6520656,-71.31793064,3,0.98,36.79999924,24.37019161,17.96981532
42.65206678,-71.3179234,3,0,0,7.46065834,6.309052577
42.65206789,-71.31791942,3,0,0,-0.212784266,0.080019434
42.65206632,-71.3179145,3,0,0,-1.33115079,0.480289905
42.65206376,-71.31791415,3,0,0,-0.303784366,0.602579445
42.65205818,-71.3179185,3,0,0,0.430725626,0.137903929
42.65205504,-71.31792025,3,0,0,-0.339414616,-0.285357031
42.65204948,-71.31791864,3,0,0,-0.051654524,0.981252028
42.65204362,-71.31791892,3,0,0,0.149388465,-0.201459474
42.65203872,-71.31792191,3,0,0,-0.85018507,0.355745588
42.65203417,-71.31792528,3,0,0,-0.468839538,-0.313185924
42.65203346,-71.31792815,3,0,0,-0.584626344,-0.046674127
42.65203275,-71.31793004,3,0,0,-0.323986977,0.087584059
42.65203227,-71.31793134,3,0,0,-0.335269064,0.683950546
42.65203209,-71.31793158,3,0,0,20.69801753,13.80115743
42.65203202,-71.31793168,3,0,0,16.11054625,10.02136505
42.65203526,-71.3179288,3,0.7,36.79999924,5.28637977,11.81229089
42.65204901,-71.31791841,3,1.54,36.79999924,-28.65616185,-4.928635237
42.65206264,-71.31790421,4,1.57,36.79999924,-9.863563351,-0.123150872
42.6520903,-71.31788833,3,2.93,25.79999924,-12.0615356,-15.19817004
42.65212133,-71.31786929,3,3.41,21.70000076,1.399446838,-3.238438163
42.65215198,-71.31785411,3,3.61,21.39999962,14.94531492,-0.537164414
42.65218506,-71.31783787,3,3.64,24.39999962,20.33919547,8.640480702
42.65222404,-71.31781226,3,4.31,27.10000038,-49.17186564,-26.47473094
42.65226395,-71.31778156,3,4.83,29,-37.17890428,-21.7063044
42.65229709,-71.31775344,3,4.27,29.29999924,-23.48740773,-12.18242762
42.65231994,-71.31773142,3,3.06,29.70000076,13.23633801,7.353255299
42.65233292,-71.31771686,3,1.81,29.70000076,22.6815576,15.55828384
42.65233832,-71.31770876,3,0.77,29.70000076,5.360553161,3.109553332
42.65234198,-71.31770294,3,0.45,29.70000076,11.222994,8.041042909
42.65234156,-71.31770065,3,0.3,29.70000076,0.507417879,0.118211829
42.65234363,-71.31769284,3,0.41,29.70000076,-7.662084574,-4.651627544
42.65234936,-71.31768659,3,0.48,29.70000076,1.497012379,1.392761295
42.65234908,-71.31768362,3,0.34,29.70000076,4.559999625,2.690558243
42.65235065,-71.31767998,3,0.35,29.70000076,8.68000917,4.493042174
42.65235278,-71.31767754,3,0.47,29.70000076,5.274855036,1.37067712
42.65235764,-71.31767357,3,0.82,22,-2.095192503,3.010599239
42.65235592,-71.31765413,3,1.2,29.29999924,30.49035885,38.65821201
42.65236892,-71.31763894,3,1.85,30.89999962,-27.46015771,8.646628438
42.65239049,-71.31762578,3,2.96,22.60000038,-48.87353406,2.344045145
42.652425,-71.3176112,3,3.56,20.5,-35.47564649,8.055227727
42.65246177,-71.31761366,3,3.78,10.60000038,-38.51683822,-19.2854035
42.65250149,-71.31762675,3,4.03,351.6000061,-9.612064746,-38.54191277
42.65253607,-71.31764559,3,4.12,339.7999878,-0.860248496,-8.549984055
42.65257084,-71.31767302,3,4.07,328.6000061,-2.106902368,-0.661093681
42.65259971,-71.31770957,3,4.33,320.2999878,-2.48721004,-1.483652268
42.65262752,-71.31775803,3,4.72,309.6000061,8.699539638,3.82943484
42.65266104,-71.31781123,3,5.17,305.1000061,6.559285417,3.856599583
42.65269217,-71.31787603,3,5.76,303.2000122,0.063837688,-9.896863426
42.65272195,-71.31793696,3,6.04,302.8999939,-65.41158029,-2.309852088
42.65275312,-71.31801215,3,6.34,301.2000122,-30.66934091,-32.87603085
42.65277861,-71.31809189,3,6.66,293.2000122,-9.871828568,-22.14073602
42.65278695,-71.31818941,3,7.52,280.7999878,21.89172291,3.562174096
42.65278033,-71.31828383,3,8.03,265.7000122,8.626661433,19.27579757
42.65276251,-71.31838963,3,8.75,260.2999878,26.20025962,30.50909576
42.65274505,-71.3184957,3,9.47,257.2999878,6.026469253,-5.200915988
42.65272622,-71.31861242,3,10.03,255.6000061,8.027253138,10.08799611
42.65270817,-71.31872511,3,10.1,256.6000061,11.28220437,-13.35051537
42.65268887,-71.31884326,4,10.04,253.5,21.54194878,15.2213591
42.65267546,-71.31895913,3,10.02,256.7999878,0.586586299,6.066779928
42.6526539,-71.31908161,3,9.85,256.3999939,2.606105544,-12.10258991
42.65263561,-71.31919251,3,9.61,258.2999878,4.707506481,-17.67193664
42.65262069,-71.31930639,3,9.35,258.7999878,27.70851254,0.175664753
42.65260955,-71.31940758,3,8.67,259.1000061,-1.534708424,1.50011839
42.65259597,-71.31950436,3,7.81,258.2000122,4.409504149,-1.908162886
42.65258582,-71.31958952,3,7.03,258.2999878,8.543899595,-0.497822391
42.65257079,-71.31966628,3,6.28,257.2000122,23.47096468,-14.75959287
42.65256317,-71.31972433,3,5.23,257.2999878,-21.80515509,-4.751837728
42.65255129,-71.31976379,3,4.05,253.6000061,-8.146507928,-9.456146053
42.65254227,-71.31979665,3,3.16,246.1000061,-8.864495636,12.24749532
42.65253266,-71.31982437,3,2.58,236.3000031,-11.7384802,-14.43496297
42.65251869,-71.31984168,3,2.23,225.5,-8.277892256,13.8726605
42.65249954,-71.31985327,4,2.15,213.6999969,-9.531864429,-4.951689223
42.65248345,-71.31985724,3,1.87,213.6999969,-5.272876492,2.153136804
42.6524605,-71.31986046,3,2.09,187,-9.343304886,6.795148034
42.65244493,-71.3198586,3,1.93,187,7.621412869,-35.72489482
42.65242238,-71.31985361,3,2.32,169.8999939,1.198487307,-6.178561964
42.65239213,-71.31984683,3,3.23,169.6000061,-9.419302133,28.26860703
42.65235327,-71.31983654,3,3.69,168.5,18.93385541,18.26239249
42.65231574,-71.31982431,3,3.97,164,34.22550541,51.56924242
42.65228867,-71.31980039,3,3.86,148.3000031,-7.185542814,42.29328306
42.65227107,-71.31976763,3,3.96,130,-38.02168411,12.69859825
42.6522594,-71.31972707,3,3.81,116,-29.00709004,-21.49362087
42.65225897,-71.31969186,3,3.27,99.69999695,2.914629348,-14.25083654
42.65225963,-71.31965934,3,2.87,99.90000153,-0.644387907,-5.635263893
42.65225204,-71.31963482,3,2.56,114.8000031,-7.641634497,-6.07976702
42.65223883,-71.31960774,3,2.77,129.3999939,3.304477639,3.991664657
42.65222119,-71.31958154,3,3.12,135.6000061,4.901356147,5.35140192
42.65219765,-71.31955592,3,3.48,136.1000061,3.522041036,12.21513947
42.65218003,-71.31951937,3,3.67,128.6000061,1.475402613,9.77998032
42.6521662,-71.31947693,3,3.66,114.5999985,-2.948871799,5.69213094
42.65217036,-71.31943457,3,3.48,89.09999847,-11.23424721,-4.526379027
42.65218328,-71.31939532,3,3.51,71.80000305,-14.67984304,-26.01670217
42.65219921,-71.31937286,3,2.83,47.79999924,2.347671124,-3.928494477
42.65221449,-71.3193476,3,2.48,45.59999847,-4.329647278,0.441147864
42.65223266,-71.31933173,3,2.66,29,-6.31436844,-6.939715876
42.65225021,-71.31932557,3,2.33,16.60000038,-1.609901438,-5.028939597
42.65226726,-71.31932745,3,1.98,16.60000038,7.116646068,-1.677328387
42.65228174,-71.31933615,3,1.7,16.60000038,6.546847695,-5.402003512
42.6522913,-71.31934524,3,1.35,16.60000038,14.69039,-37.22118023
42.65229592,-71.31934888,3,0.79,16.60000038,9.94893184,21.04382239
42.65229544,-71.31934279,3,0,0,3.10353828,7.433616536
42.65229685,-71.3193381,3,0,0,0.389997096,1.540914779
42.65229494,-71.31933841,3,0,0,-1.165548004,-0.425541699
42.65229576,-71.3193367,3,0,0,1.168410944,-0.308601018
42.65229374,-71.31933582,3,0,0,0.077091255,-0.483380375
42.65229235,-71.31933249,3,0,0,-1.669188925,-0.024965261
42.65229093,-71.31933092,3,0,0,1.917359988,0.033020196
42.6522901,-71.31933087,3,0,0,-1.379330997,-0.768690738
42.65228965,-71.3193305,3,0,0,-0.79476337,-0.11100425
42.65228901,-71.31932999,3,0,0,0.450781697,1.662003552
42.65228926,-71.3193305,3,0,0,-0.347350375,11.33153439
42.65228989,-71.31933045,3,0,0,-1.099811974,14.78225167
42.65229019,-71.31933606,3,0.27,16.60000038,-2.945444572,-10.62667909
42.65229502,-71.31934067,3,0.66,16.60000038,-4.946085757,-5.535118011
42.6523005,-71.3193514,3,0.99,320.5,-6.227344784,0.270565864
42.65230664,-71.31936448,3,1.3,313.6000061,0.467567485,-20.50560452
42.65231464,-71.31937643,3,1.37,313.7999878,-2.6550491,9.647561879
42.65232284,-71.31939171,3,1.47,305.3999939,4.738046716,-7.794609787
42.65233233,-71.3194079,3,1.64,299.8999939,14.14476235,-32.94145266
42.65233621,-71.3194254,3,1.39,300,2.035606471,5.419033311
42.65233708,-71.31943971,3,0.92,296.7999878,9.401234251,-4.042483427
42.65233438,-71.31944924,3,0.65,296.7999878,-2.299195506,6.043885694
42.65233023,-71.31945196,3,0,0,-3.80639886,6.939427481
42.65232908,-71.31945293,3,0,0,-0.301101505,0.011268723
42.65232812,-71.31945144,3,0,0,1.539550502,-0.07225287
42.65232487,-71.31944721,3,0,0,0.288303685,0.405671063
42.65232021,-71.31944779,3,0,0,-0.342860892,-0.723906518
42.65231737,-71.3194462,3,0,0,0.548638696,0.140879113
42.65231505,-71.31944437,3,0,0,-0.509194631,0.041510458
42.65231423,-71.31944003,3,0,0,-0.067156116,0.113538432
42.65231499,-71.31943307,3,0,0,0.13053729,-0.207081714
42.65231829,-71.31942487,3,0,0,0.066685169,-0.356580802
42.65232128,-71.31941716,3,0,0,-0.223878007,0.729736435
42.65232221,-71.3194155,3,0,0,-0.038335823,0.200011821
42.65232253,-71.31941455,3,0,0,-0.082251232,-0.141263963
42.65232264,-71.31941401,3,0,0,0.377870535,0.434889483
42.65232276,-71.31941393,3,0,0,0.443961539,0.572492652
42.65232278,-71.31941395,3,0,0,-0.40088455,-0.738348223
42.65232278,-71.31941402,3,0,0,0.003254273,-0.240801688
42.65232275,-71.31941407,3,0,0,0.626069823,0.753026177
42.65232274,-71.31941412,3,0,0,0.209600755,-0.250416225
42.65232271,-71.31941422,3,0,0,-0.684869449,-0.881806888
42.65232267,-71.31941429,3,0,0,0.343228222,0.786216452
42.6523226,-71.31941438,3,0,0,-0.044005179,-0.114947902
42.65232253,-71.31941445,3,0,0,-0.135376802,-0.009870778
42.65232248,-71.31941449,3,0,0,0.187880546,-0.09250139
42.65232241,-71.31941452,3,0,0,-0.204033188,-0.035554903
42.65232234,-71.31941451,3,0,0,-0.080961559,0.026361352
42.65232229,-71.31941451,3,0,0,0.29034854,-0.398563433
42.65232225,-71.31941453,3,0,0,0.096066379,0.163465572
42.65232221,-71.31941455,3,0,0,-0.034207822,0.107579665
42.65232218,-71.31941455,3,0,0,0.49154276,-0.265392045
42.65232215,-71.31941457,3,0,0,0.15228401,0.479299038
42.65232211,-71.31941459,3,0,0,0.155850392,-0.208154663
42.65232203,-71.31941469,3,0,0,0.394201383,0.316426662
42.65232195,-71.31941479,3,0,0,0.624126499,-1.583195076
42.65232189,-71.31941486,3,0,0,0.612470498,-0.34903713
42.65232183,-71.31941485,3,0,0,0.736732358,-0.849860952
42.65232176,-71.31941486,3,0,0,-1.644620747,0.799796286
42.65232172,-71.31941483,3,0,0,2.19703631,2.022310503
42.65232168,-71.31941476,3,0,0,0.572568646,-0.187446206
42.65232164,-71.31941462,3,0,0,0.535404191,-0.119202688
42.65232164,-71.31941446,3,0,0,-0.137061504,-0.21176221
42.65232164,-71.31941429,3,0,0,-1.290204405,-0.330296378
42.65232167,-71.3194141,3,0,0,0.380447229,0.340955106
42.65232168,-71.31941388,3,0,0,-0.284794015,1.454059157
42.6523217,-71.31941374,3,0,0,-0.034455411,-0.008705579
42.6523217,-71.31941356,3,0,0,0.771039063,-1.842809106
42.65232168,-71.31941344,3,0,0,-0.563685215,-0.905973377
42.65232164,-71.31941327,3,0,0,0.069911839,-0.798958913
42.65232157,-71.31941315,3,0,0,0.172976935,0.582200399
42.65232153,-71.3194131,3,0,0,1.326660872,-0.868284879
42.6523215,-71.31941308,3,0,0,0.318170715,0.730251869
42.65232145,-71.31941307,3,0,0,-0.120507656,-0.021243935
42.65232141,-71.31941308,3,0,0,0.544108295,0.591520458
42.65232137,-71.31941309,3,0,0,0.033469999,0.336640153
42.65232132,-71.31941316,3,0,0,0.51994663,-0.164681682
42.65232128,-71.31941322,3,0,0,0.15430884,0.016018238
42.65232122,-71.31941326,3,0,0,-0.253861568,-0.161480407
42.65232116,-71.31941333,3,0,0,-0.281645636,0.131091606
42.65232112,-71.3194134,3,0,0,0.393202452,-1.270375843
42.65232105,-71.31941353,3,0,0,0.423743289,0.181069655
42.65232098,-71.31941365,3,0,0,-1.554016313,0.084401348
42.65232094,-71.31941371,3,0,0,-0.212694009,-0.087899538
42.65232089,-71.31941382,3,0,0,0.905394146,-0.088305203
42.65232088,-71.31941386,3,0,0,0.054355955,-0.365227072
42.65232087,-71.31941396,3,0,0,-0.912160532,-0.857524788
42.65232089,-71.31941397,3,0,0,0.210696999,-0.924246696
42.6523209,-71.319414,3,0,0,0.059864352,0.123984261
42.65232091,-71.31941404,3,0,0,0.376954149,0.310748056
42.65232089,-71.31941406,3,0,0,-0.250792267,0.326648421
42.65232086,-71.3194141,3,0,0,-0.550689447,0.647249796
42.65232082,-71.31941406,3,0,0,0.314149704,-0.119736146
42.6523208,-71.31941407,3,0,0,-0.130160792,-0.338650662
42.65232076,-71.31941399,3,0,0,-0.241114729,-0.1540239
42.65232078,-71.31941395,3,0,0,0.700820009,0.099084904
42.65232081,-71.31941388,3,0,0,-0.021083115,-0.212896971
42.65232084,-71.31941381,3,0,0,0.256606499,0.367480969
42.65232088,-71.31941375,4,0,0,0.11597376,-0.208431434
42.65232092,-71.31941371,4,0,0,-0.77102178,-0.355842609
42.65232096,-71.31941368,4,0,0,-0.594938818,-0.654077957
42.65232101,-71.3194137,4,0,0,-0.577203985,-0.217587658
42.65232103,-71.31941373,4,0,0,0.175015456,-0.229623586
42.65232106,-71.31941375,4,0,0,0.092756767,0.30767234
42.65232103,-71.31941381,4,0,0,0.207488206,0.519450475
42.65232099,-71.31941389,4,0,0,0.432450039,0.883471924
42.65232096,-71.31941395,4,0,0,0.082603929,-0.207749084
42.65232091,-71.31941402,4,0,0,0.100024364,0.64115196
42.65232086,-71.3194141,4,0,0,0.754875095,1.551247407
42.65232084,-71.31941414,4,0,0,0.018885047,-0.163295536
42.65232083,-71.31941419,4,0,0,-0.124709129,-0.118070708
42.65232082,-71.31941425,4,0,0,0.969147371,-0.427916904
42.65232082,-71.31941428,4,0,0,-0.128544039,-0.470420342
42.65232081,-71.3194143,4,0,0,0.580785437,0.310546456
42.6523208,-71.31941431,4,0,0,0.810679621,-0.267396275
42.6523208,-71.31941431,3,0,0,0.237707243,-0.155998557
42.65232079,-71.3194143,3,0,0,-0.415851229,0.199828932
42.65232076,-71.31941435,3,0,0,2.200013157,-26.46549669
42.65232071,-71.31941441,3,0,0,0.115003594,-0.056138291
42.65232066,-71.31941445,3,0,0,0.132011008,0.135999122
42.6523206,-71.31941448,3,0,0,0.540758928,0.362547461
42.65232055,-71.31941453,3,0,0,-0.532986194,-0.007954992
42.6523205,-71.31941453,3,0,0,0.223339454,0.659387058
42.65232045,-71.31941454,3,0,0,0.028321897,-0.966938064
42.65232041,-71.31941454,3,0,0,-0.631174574,-0.636965602
42.65232036,-71.31941455,3,0,0,0.296540085,-0.394376992
42.65232032,-71.31941455,3,0,0,0.399748651,0.038057866
42.65232027,-71.31941457,3,0,0,1.27750908,0.192292335
42.65232024,-71.31941457,3,0,0,0.629546186,-0.13333898
42.65232021,-71.31941457,3,0,0,-0.00775836,0.32761155
42.65232014,-71.31941457,3,0,0,-0.045186058,0.118038159
42.65232007,-71.31941453,3,0,0,-0.127164386,0.097188789
42.65231999,-71.31941451,3,0,0,-0.063975097,-0.451721405
42.65231995,-71.31941442,3,0,0,-0.42836087,-0.665932521
42.65231992,-71.31941431,3,0,0,-0.128943563,-0.662475926
42.65231988,-71.3194142,3,0,0,-1.367122972,-0.748385013
42.65231985,-71.31941409,3,0,0,0.37575244,0.548203389
42.65231984,-71.31941404,3,0,0,-0.275519899,0.253798293
42.65231978,-71.31941395,3,0,0,-0.720284745,0.462315073
42.6523197,-71.31941389,3,0,0,-1.369070876,0.902344259
42.65231965,-71.31941386,3,0,0,0.651352647,-0.359965437
42.65231961,-71.3194138,3,0,0,-0.119914113,0.546009659
42.65231953,-71.31941377,3,0,0,0.064523024,-1.445874282
42.65231946,-71.31941375,3,0,0,-0.575785297,0.045254277
42.65231933,-71.31941377,3,0,0,-0.602076601,-0.331495664
42.65231921,-71.31941375,3,0,0,0.301271205,0.242519482
42.65231909,-71.31941378,4,0,0,-0.255063222,0.303706291
42.65231899,-71.31941379,4,0,0,-1.596115497,0.929162962
42.65231888,-71.31941381,4,0,0,0.117585123,0.46579589
42.6523188,-71.31941384,4,0,0,0.705621467,-0.208143975
42.65231872,-71.31941387,4,0,0,0.642047356,-0.846255722
42.65231864,-71.31941388,4,0,0,-0.588849734,0.043808158
42.65231857,-71.31941392,4,0,0,-0.205314841,-0.567996699
42.65231849,-71.31941398,4,0,0,0.046401561,0.598728964
42.65231841,-71.31941404,4,0,0,-0.263380471,0.297375953
42.65231835,-71.31941409,4,0,0,-0.146018706,0.055873328
42.65231828,-71.31941414,4,0,0,0.156893221,-0.357120079
42.65231822,-71.31941415,4,0,0,0.146595441,-0.026354173
42.65231815,-71.31941418,4,0,0,0.168149084,1.265376827
42.6523181,-71.31941421,4,0,0,-0.193921184,0.062520239
42.65231804,-71.31941424,4,0,0,-0.189378598,-0.200015761
42.65231797,-71.31941429,4,0,0,0.098471709,-1.24230335
42.6523179,-71.31941432,4,0,0,-0.2060016,-0.346878256
42.65231784,-71.31941431,3,0,0,0.439251866,0.249441776
42.65231777,-71.31941433,3,0,0,-0.406732499,0.260981902
42.6523177,-71.31941433,3,0,0,-0.392871522,0.030603937
42.65231763,-71.31941431,3,0,0,0.145039291,0.114174351
42.65231755,-71.31941429,3,0,0,0.656502369,0.144102372
42.65231749,-71.31941423,3,0,0,0.716967166,0.047096895
42.65231743,-71.31941415,3,0,0,-0.156398339,-0.507848357
42.65231736,-71.31941406,3,0,0,-0.249065449,0.125857802
42.6523173,-71.319414,3,0,0,0.118859405,-0.3952327
42.65231724,-71.31941395,3,0,0,0.971073282,-0.060283661
42.65231716,-71.31941391,3,0,0,-0.17702463,0.074154974
42.6523171,-71.31941387,3,0,0,0.491304054,0.601454309
42.65231704,-71.31941384,3,0,0,-0.29129217,-0.230630629
42.65231695,-71.31941382,3,0,0,0.159069271,0.01450438
42.65231686,-71.31941384,3,0,0,0.56289286,0.185770439
42.65231677,-71.31941385,3,0,0,-0.166436454,0.609619641
42.6523167,-71.31941388,3,0,0,0.832911545,0.103654019
42.65231663,-71.31941393,3,0,0,-0.094824424,0.20635688
42.65231654,-71.31941399,3,0,0,0.213401028,0.205703151
42.65231644,-71.31941407,3,0,0,0.04580533,0.598370565
42.65231634,-71.31941418,3,0,0,0.143298277,0.155163919
42.65231626,-71.31941426,3,0,0,-0.291713495,0.028758036
42.65231616,-71.31941436,3,0,0,0.142427809,-0.253834898
42.65231605,-71.31941445,3,0,0,0.006944311,0.134913232
42.65231597,-71.31941453,3,0,0,0.015122077,0.426651163
42.65231587,-71.31941455,3,0,0,0.406784744,0.799385846
42.6523158,-71.31941456,3,0,0,0.045448638,-0.823174892
42.65231572,-71.31941457,3,0,0,-0.984545698,0.001428074
42.65231568,-71.31941452,3,0,0,0.46088436,0.244327318
42.65231562,-71.31941452,3,0,0,0.19614145,-0.349567132
42.65231557,-71.31941449,3,0,0,-0.372340973,-0.672056668
42.65231551,-71.31941451,3,0,0,0.510388347,-0.065384418
42.65231546,-71.31941452,3,0,0,0.219219785,0.700748716
42.65231541,-71.31941452,3,0,0,0.329423327,-0.141362086
42.65231538,-71.31941455,3,0,0,0.319735313,-0.105854345
42.65231535,-71.31941454,3,0,0,-0.899644922,0.172267229
42.65231531,-71.31941455,3,0,0,-1.897331646,1.109313362
42.65231527,-71.31941457,3,0,0,-0.014288773,0.069689788
42.6523152,-71.3194146,3,0,0,0.15749115,0.109969044
42.65231516,-71.31941463,4,0,0,0.803903886,0.845153386
42.65231511,-71.31941465,4,0,0,0.140268042,-0.388501187
42.65231506,-71.31941471,3,0,0,-0.680783544,-0.44150043
42.652315,-71.31941474,3,0,0,-0.30142244,0.144326271
42.652315,-71.31941477,3,0,0,-0.164093423,-0.758248292
42.65231496,-71.31941475,3,0,0,0.327367967,-1.158145613
42.65231491,-71.31941477,3,0,0,-0.029091581,0.499195482
42.65231489,-71.31941479,3,0,0,0.015129539,-0.077109872
42.65231485,-71.31941482,3,0,0,0.619199129,-0.69418756
42.65231482,-71.31941488,3,0,0,-0.169829107,0.341998863
42.65231475,-71.31941495,3,0,0,0.023324865,-0.115641384
42.65231468,-71.31941506,3,0,0,-2.635680764,-0.146904585
42.65231464,-71.31941513,3,0,0,-0.078834997,0.780617869
42.65231459,-71.3194152,3,0,0,1.48373561,3.882382485
42.65231457,-71.31941523,3,0,0,-0.072071846,0.649016962
42.6523145,-71.31941528,3,0,0,-0.04656165,0.097347362
42.65231448,-71.3194153,3,0,0,0.070732799,-0.262039568
42.65231448,-71.31941531,3,0,0,0.378562453,0.559419926
42.65231449,-71.31941533,3,0,0,-0.131581869,0.090481557
42.6523145,-71.31941534,3,0,0,0.215458721,-0.4868714
42.6523145,-71.31941536,3,0,0,0.13879122,-0.450865802
42.65231451,-71.31941538,3,0,0,1.015626072,-0.890531014
42.65231454,-71.31941537,3,0,0,-0.134811454,-0.10526849
42.65231455,-71.31941536,3,0,0,0.334810306,-0.067868967
42.65231457,-71.31941537,3,0,0,-1.046838416,-0.018360052
42.65231458,-71.31941538,3,0,0,-0.780859156,0.016478275
42.6523146,-71.31941542,3,0,0,-4.281088162,1.717742203
42.652315,-71.31941625,3,0,0,0.976620744,-2.741538052
42.65231559,-71.31942334,3,0.35,296.7999878,-0.049949749,-0.209797988
42.652316,-71.31943065,3,0.52,296.7999878,-4.360803842,0.133805488
42.65231555,-71.31943664,3,0.57,296.7999878,-4.231881566,-10.42032265
42.65230498,-71.31945324,3,1.04,237.6999969,6.777635097,2.180514894
42.65229267,-71.31946811,3,1.67,238.1999969,-1.454284539,1.981008327
42.65228546,-71.31948588,3,1.73,233.6000061,-0.930946659,-0.113619587
42.6522771,-71.3195038,3,1.95,228.5,4.129347775,1.953458632
42.65226762,-71.31952113,3,1.98,226.8000031,-9.040419691,9.933612927
42.65225796,-71.31953856,3,1.93,223.1000061,0.352986366,3.84426636
42.65224767,-71.31955295,3,2.16,222.8999939,2.508628563,7.123129998
42.65223423,-71.31957716,3,2.28,234.3999939,5.919731883,-5.275535188
42.65221649,-71.31959965,3,2.42,226.1000061,5.019385888,-3.578826576
42.65221094,-71.31962877,3,2.09,248.3000031,3.836988529,4.995515108
42.65220918,-71.31964736,3,1.54,258.1000061,3.851119239,-8.085755587
42.65221179,-71.3196623,3,1.09,276.1000061,0.820924128,-5.359513988
42.65221792,-71.31967713,3,0.64,276.1000061,-13.25644477,9.653540544
42.65222169,-71.31968876,3,0.65,276.1000061,-6.769015577,7.341832183
42.65222773,-71.31970864,3,0.93,284.8999939,22.26445976,-35.28456938
42.65223363,-71.31971975,3,0.81,291.2000122,-6.451762587,4.320989129
42.6522377,-71.31972373,3,0.28,291.2000122,-5.882876476,7.428723912
42.65224218,-71.31973449,3,0,0,-2.70707165,1.675688972
42.65224723,-71.31974438,3,0,0,-0.04823454,-0.232931192
42.65225084,-71.31975145,3,0,0,0.127295545,0.456699365
42.65225489,-71.3197593,3,0,0,-3.396599282,3.545605259
42.65225859,-71.31976589,3,0,0,-4.238660227,6.13180547
42.6522589,-71.31976706,3,0.17,291.2000122,-0.842101146,3.768203213
42.65226395,-71.31976829,3,0.37,291.2000122,-1.810911091,22.26799413
42.65227111,-71.31977663,3,0.76,320.7999878,21.3329049,7.463593241
42.65227855,-71.31979352,3,1.44,311.7999878,25.09025811,-12.36317516
42.65229785,-71.31981387,3,2.12,324.8999939,9.367230959,-6.722812644
42.65232156,-71.31982628,3,2.31,344.8999939,-22.42817601,-8.232080389
42.65234775,-71.31983512,3,2.63,349.7999878,-12.45054793,-22.75119749
42.65237529,-71.31985314,4,3.11,339.2999878,-0.114733413,-17.530907
42.65239592,-71.31985254,3,2.52,351.7999878,-8.511894835,-7.92855471
42.65240654,-71.31984207,3,1.9,351.7999878,9.980503472,23.92217471
42.6524186,-71.31984141,3,1.34,351.7999878,9.903415786,16.50820075
42.65243134,-71.31984617,3,1.38,351.7999878,0.284332006,8.624766738
42.65244409,-71.31985008,3,1.38,351.7999878,1.626463453,-16.40856658
42.65246039,-71.31984826,3,1.77,351.7999878,10.90947439,-10.81233374
42.652474,-71.31984914,3,1.43,351.7999878,8.951865336,-1.310103779
42.65249011,-71.31984327,3,1.55,351.7999878,-6.659370041,5.5731994
42.65250491,-71.31983525,3,1.65,351.7999878,11.32431418,-3.372003055
42.65251977,-71.31982155,3,1.78,33.5,13.16750909,4.110836984
42.65253086,-71.31980622,3,2.01,50.29999924,11.64361428,-0.681118147
42.65254408,-71.31977729,3,2.61,64,0.208226491,0.85923828
42.65255862,-71.31974611,3,2.74,66.59999847,1.016256895,3.902673434
42.65257183,-71.31969814,3,3.77,75.90000153,5.321596747,3.752988064
42.65258284,-71.3196438,3,4.24,77.30000305,3.855471985,0.084683419
42.65259127,-71.3195844,3,4.87,77.90000153,-10.32586381,36.6815137
42.652603,-71.31952084,3,5.36,78.19999695,-1.861202799,-8.392966141
42.65261904,-71.31944563,3,5.72,77.19999695,-4.376366941,-3.988551137
42.65263563,-71.31936754,3,5.9,76.30000305,-2.057001105,1.01325853
42.65264869,-71.31929544,3,6,76.09999847,-4.784498116,5.781219716
42.65266169,-71.31922571,3,5.86,76.69999695,-2.069400363,-1.018403781
42.65268062,-71.31915874,3,5.74,77,0.712230474,-3.15952059
42.65269268,-71.3190893,3,5.54,76.80000305,14.29301137,-1.47878902
42.65270366,-71.31902487,3,5.41,77.30000305,12.28223357,1.213118418
42.65271382,-71.31895832,3,5.52,78.40000153,-5.267379607,8.564014214
42.6527271,-71.3188908,3,5.71,78.80000305,-14.70335321,3.86614838
42.65273805,-71.31882055,3,5.83,80.19999695,-6.33762218,-5.681621408
42.65274818,-71.31874507,3,5.85,81.09999847,13.55229082,1.269280724
42.65276495,-71.31868052,3,5.83,76.59999847,22.70085328,-13.10414337
42.65278053,-71.31860463,3,5.91,78.69999695,19.09745948,0.574702624
42.65279293,-71.31852572,3,6.34,77.09999847,6.094276984,17.34372411
42.65280303,-71.31844696,3,6.96,79.09999847,-15.59324706,7.159815816
42.65281819,-71.31835602,3,7.52,78.80000305,-48.10461684,-37.40793101
42.65282811,-71.31825861,3,7.65,78.80000305,-9.38529342,-69.64568097
42.6528289,-71.31816193,3,7.11,81.80000305,-4.64638207,-36.45334836
42.65281686,-71.31807853,3,6.79,99.80000305,-8.549278313,30.74841207
42.65280008,-71.31800329,4,6.19,109.5,-7.912901934,82.46625015
42.65276488,-71.31793808,3,6.48,122.1999969,-11.63616189,34.72530854
42.65274312,-71.31787842,4,5.77,121.9000015,15.36365668,2.382000501
42.65271495,-71.3178246,4,4.98,124.1999969,-26.39175973,9.680147039
42.65268712,-71.31778594,3,4.41,125.6999969,-29.606588,17.47306761
42.65267483,-71.31775593,3,3.09,124.8000031,40.71074805,-21.28718984
42.65266343,-71.31774049,3,1.71,124.8000031,60.12007688,-33.31567963
42.65266202,-71.31773093,3,1.35,124.8000031,30.42089781,-36.47526412
42.65264999,-71.31771701,3,1.93,124.8000031,-30.71380236,-28.65204404
42.65262879,-71.31769577,3,2.75,140.1999969,-44.76874858,-5.945205223
42.65259704,-71.31767834,3,3.31,152.6999969,-32.46375225,-20.73570083
42.65255814,-71.31767251,3,3.92,173.8999939,-35.913964,12.93801433
42.65251175,-71.31768442,3,5,190.6999969,18.89754889,7.309066076
42.65245709,-71.31771498,3,6.27,203.1999969,15.34935487,13.89490021
42.65239377,-71.31775082,3,7.07,206,57.27672091,4.030510997
42.65233098,-71.31779729,3,7.71,212.1999969,40.73642803,10.57778703
42.65227089,-71.31784115,3,7.55,209.6000061,26.85913234,17.84269581
42.65221243,-71.31789288,3,7.35,213.8999939,16.92351859,23.71861473
42.65215571,-71.31792884,4,6.56,211.8000031,6.157805919,5.676897831
42.65211306,-71.31796328,4,5.6,210.3999939,1.203931842,4.148010597
42.65207932,-71.31798769,3,4.48,210.1999969,0.85878016,-0.246401945
42.65205013,-71.31800418,3,3.36,210.8999939,-11.39671593,-8.840649903
42.65202944,-71.31801694,3,2.38,211.8999939,-9.89459081,-7.375417215
42.65201794,-71.31803008,3,1.71,211.8999939,-6.754117875,-5.547825908
42.65200869,-71.31804501,3,1.28,211.8999939,-3.599655168,-3.300676499
42.65200183,-71.3180494,3,1.06,211.8999939,-1.225838568,-1.414616004
42.65199812,-71.31805117,3,0.91,211.8999939,-3.028885795,-4.314613995
42.65199099,-71.31805879,3,0.81,211.8999939,-0.689522449,-0.08491305
42.65198776,-71.31806272,3,0.84,211.8999939,-9.947867299,-8.109172145
42.65197943,-71.31806864,3,0.9,211.8999939,-14.28890402,-13.17034213
42.65196899,-71.31807955,3,1.38,211.8999939,5.580883647,2.755804076
42.65195303,-71.31809277,3,2.16,214.1999969,7.915171825,7.520247348
42.65192527,-71.31811086,3,2.88,210.6000061,-2.684953836,-1.678773642
42.65190071,-71.31813439,3,3.28,211.6999969,-5.173273806,-4.908310793
42.65186754,-71.3181636,3,3.9,211.1999969,5.353344065,4.227446174
42.65182936,-71.3181965,3,4.59,210.8999939,30.0223721,14.12987425
42.65179306,-71.31823224,3,4.9,211.8000031,20.71236893,11.603517
42.6517545,-71.31826766,3,4.76,211.1000061,9.630494159,0.541198137
42.6517189,-71.31829606,3,4.4,210.5,4.628454437,2.053327348
42.6516884,-71.31832409,3,4.14,209.6000061,20.11505146,17.42453473
42.65166545,-71.31834562,3,3.46,207.6000061,-1.119180734,-0.839580946
42.65164803,-71.31836223,3,2.21,206.3000031,-5.540684306,-5.925254824
42.65163586,-71.31837005,3,1.41,206.3000031,-11.30004393,-12.14704536
42.6516271,-71.31837915,3,1.19,206.3000031,1.407613025,4.502878378
42.65161791,-71.31838407,3,1.15,206.3000031,-3.361684378,1.326843997
42.65160772,-71.31839241,3,1.25,206.3000031,-11.39441976,10.22945488
42.65159432,-71.3184049,3,1.53,206.3000031,6.35787597,7.104394426
42.65158172,-71.31841732,3,1.62,206.3000031,-5.89131565,-5.19130875
42.651565,-71.31842871,3,1.95,206.3000031,-22.3820366,-5.21389293
42.65153955,-71.31844656,3,2.98,206.6000061,5.610525305,-4.690774716
42.65150232,-71.31847082,3,4.34,203.8999939,-8.095841843,4.00631088
42.6514573,-71.31849789,3,5.41,203.3000031,-20.43054485,-4.438446305
42.65139921,-71.31852639,3,6.88,201.1000061,16.11473212,24.87597851
42.65132623,-71.31856223,3,8.17,199.8999939,0.063805308,4.144188502
42.65124888,-71.31859583,3,9.07,199.6999969,0.646958113,0.448566919
42.65115868,-71.31863873,3,10.12,200,27.38282577,51.34402924
42.65106595,-71.31868464,3,10.93,200.1000061,-24.78489914,43.16966523
42.65097221,-71.3187362,3,10.91,201.6999969,-3.762621609,24.85262056
42.65088068,-71.31879091,3,10.79,205.1999969,22.21617818,16.54791848
42.65079892,-71.31884991,3,10.55,207.1999969,37.02883818,29.26153858
42.65072455,-71.31891269,3,9.94,208.6999969,8.687559442,-0.878528435
42.65065275,-71.31897068,3,9.07,211.5,12.26861392,-11.68653726
42.65059492,-71.31902811,3,8.16,213.6000061,7.214007064,14.75688271
42.65053974,-71.31907927,3,7.35,215.1999969,3.046205132,12.98666718
42.65049539,-71.31912309,3,6.36,214.3999939,6.136232956,8.529472873
42.65045825,-71.31916767,3,5.37,213.8999939,-2.467358333,-6.167094582
42.6504267,-71.31919464,3,4.18,213.8000031,-0.725149195,0.404176573
42.65040533,-71.31921143,3,3.18,214.1000061,0.376836436,-1.757517339
42.65038971,-71.31922718,3,2.2,214.6999969,-24.86518947,-16.91603488
42.65037929,-71.31923717,3,1.49,214.6999969,6.228011828,-5.72255982
42.65036735,-71.31924516,3,1.29,214.6999969,15.875508,-19.92857352
42.65035932,-71.31925081,3,1.15,214.6999969,4.661643736,-16.51093578
42.65034672,-71.31925711,3,1.49,214.6999969,-19.67306661,-5.413302319
42.65033311,-71.3192778,3,2.06,222.6999969,-22.9548569,31.69415797
42.6503184,-71.31931084,3,2.67,233.8999939,9.92288023,60.57646086
42.65031197,-71.3193538,3,3.32,251.3000031,18.23461924,44.43528855
42.65031479,-71.31941088,3,4.4,274.7000122,-3.798497819,26.08227146
42.65033727,-71.31948096,3,5.97,292,-15.07193659,1.484743563
42.65037419,-71.31956195,3,7.86,301.7000122,-22.74594874,-35.57852273
42.65042451,-71.31966613,3,10.05,304,6.567281145,-55.68723767
42.65048172,-71.31978393,3,11.61,304.5,-4.707886283,-25.22115032
42.65054918,-71.31991086,3,12.7,304.5,19.5116631,-35.01478892
42.65061507,-71.3200581,3,13.53,303.7000122,38.30337556,5.906287217
42.65068608,-71.32019638,3,13.96,303.8999939,-2.070295827,-15.53954196
42.65075791,-71.32033492,3,14.3,304.1000061,12.54146556,-17.0077105
42.65083683,-71.32048287,3,14.57,304.2000122,2.186031128,-22.27145375
42.65091142,-71.32062993,3,14.54,304.3999939,-9.838036876,-4.670146332
42.65098659,-71.32077752,3,14.59,303.7999878,-7.185351766,-7.843562417
42.65105869,-71.32092583,3,14.83,302.6000061,-20.99421949,-12.69207019
42.65112664,-71.32109219,3,15.03,300.8999939,-22.3195997,-39.46131063
42.6511888,-71.32126391,3,15.14,297.8999939,-9.232131343,-23.36936842
42.65124348,-71.32142489,3,14.99,294.2999878,7.77859257,-19.58307029
42.65128955,-71.3215883,3,14.82,290.7999878,15.63864193,-19.26333268
42.65132569,-71.32176339,3,14.55,286.5,19.64066954,-2.050352964
42.65135431,-71.32193037,3,14.02,282.8999939,23.81236335,18.28110925
42.65137204,-71.32209114,3,13.45,279.1000061,4.066405979,-7.598950539
42.65138811,-71.32224713,3,12.83,276.6000061,9.123880728,0.528624907
42.65139318,-71.3223987,3,12.21,273.1000061,6.061541316,-26.58746792
42.65139163,-71.32254581,3,11.6,269.7000122,-10.48558209,-12.6854717
42.65137714,-71.32267761,3,10.99,264.5,-10.3544215,-1.43786071
42.651363,-71.32280387,3,10.65,258.7000122,-4.996774322,5.087446594
42.65133077,-71.32293376,3,10.75,252.6999969,-14.85517812,-14.7915967
42.65128772,-71.32305934,3,11.08,247,10.04035349,-1.281207548
42.6512329,-71.32317882,3,11.56,239.1000061,3.49094119,-9.15311038
42.65116721,-71.32329179,3,11.76,232.1999969,24.82091729,15.73212798
42.65109602,-71.32340318,3,11.72,230.8999939,16.86828901,-16.24278847
42.65103283,-71.32351119,3,11.1,230,13.51421524,4.310347087
42.65096843,-71.32357567,4,9.25,219,12.92014904,6.547646984
42.6509363,-71.32363802,3,7.26,228.3000031,15.92144029,-10.94239477
42.65090549,-71.32368684,3,5.07,226.1999969,-20.20193487,-4.191549705
42.65088766,-71.3237059,3,2.89,227.6999969,-31.63553503,-7.292466519
42.6508606,-71.32368263,3,1.44,227.6999969,-8.56634813,-1.244298178
42.65084395,-71.3236736,3,0.73,227.6999969,-2.729595001,0.143077578
42.65084036,-71.32367432,3,0.51,227.6999969,-0.862712105,-0.350595227
42.65083363,-71.3236794,3,0.28,227.6999969,0.494018928,-1.313256413
42.65082384,-71.32368298,3,0,0,-1.207423556,-0.730415719
42.65081634,-71.32368922,3,0,0,-0.177191723,-0.16335609
42.65080976,-71.3236946,3,0,0,0.415437249,0.226682935
42.6508084,-71.32369716,3,0,0,0.116337367,-0.971209942
42.65080407,-71.3237045,3,0,0,-0.925803608,0.197407644
42.65080476,-71.32370355,4,0,0,1.425241132,2.482299424
42.65079346,-71.32368575,4,0,0,0.901543767,-0.669939097
42.6507849,-71.32367014,4,0,0,0.047462428,0.598453855
42.650778,-71.3236611,4,0,0,-0.100741699,0.284456124
42.65077621,-71.32365857,4,0,0,-0.541627621,-0.176709755
42.65077527,-71.32365949,4,0.21,227.6999969,-0.205774382,-0.268878931
42.65077895,-71.32365754,4,0,0,-4.023932518,-0.830413698
42.65078284,-71.32365136,4,0,0,-0.501885366,-0.267757668
42.65077852,-71.32366243,4,0,0,0.516785806,-0.251346536
42.65077965,-71.32366478,3,0,0,0.067372857,-0.493043667
42.65078154,-71.32366214,3,0,0,-0.341577945,0.290714762
42.65077847,-71.32366433,3,0,0,0.942175961,-0.592586492
42.65077769,-71.32366563,3,0,0,-0.114002219,0.54640438
42.65077386,-71.32366643,3,0,0,-0.618907144,-0.163584177
42.65077397,-71.32366649,3,0,0,0.643718318,-0.197693438
42.6507726,-71.32366996,3,0,0,-0.020010737,0.948390579
42.65077382,-71.32366971,3,0,0,0.453233339,0.040380974
42.6507743,-71.32366946,3,0,0,-1.235255473,0.20852435
42.6507744,-71.32366946,3,0,0,-2.458580188,-0.40623663
42.65077437,-71.32366955,3,0,0,-27.46295043,-5.320289813
42.65077264,-71.32367149,3,0.41,227.6999969,-9.557041508,-2.229578088
42.65076223,-71.32368384,3,1.35,227.6999969,3.782461585,2.732428258
42.6507447,-71.32370348,3,2.43,221.6000061,2.130146668,10.88747374
42.65073224,-71.32373348,3,3.37,225.8000031,8.46680549,3.944674126
42.65071723,-71.32378042,3,3.92,238.6999969,24.80409756,48.60241685
42.65070931,-71.32383605,3,4.04,254.6999969,10.16691692,3.899556375
42.65070643,-71.32389245,4,4.21,263.5,21.23348573,4.878407925
42.65074179,-71.32395396,3,4.9,298.7000122,23.0327295,26.32918498
42.65078251,-71.32400752,3,5.36,315.1000061,-7.650571597,9.950956176
42.65083817,-71.32406257,3,6.64,324.7999878,-3.295652325,7.669065278
42.65090692,-71.32411816,3,7.91,330.1000061,-3.544759387,4.92226293
42.65098355,-71.32418347,3,9.27,331.2000122,-14.23441833,-0.807258795
42.65107104,-71.32425648,3,10.36,331.3999939,10.64726122,-10.17060521
42.65117001,-71.32433158,3,11.24,331.7999878,-0.897291008,-4.76688488
42.65127302,-71.32441268,3,12.01,331.6000061,-6.3020401,-2.817289817
42.65137595,-71.32448506,3,12.34,331.3999939,-10.13855754,-5.493688275
42.6514802,-71.32456865,3,12.39,331.5,5.321754549,-1.284588453
42.65158263,-71.32464404,3,12.42,331,-0.86383664,1.176626896
42.65168621,-71.32471599,3,12.38,330.8999939,-2.632278611,-0.83942111
42.65178185,-71.32478614,3,12.14,331.1000061,-6.09436798,-0.170765993
42.65187907,-71.32485546,3,11.83,330.8999939,-10.88213837,-24.38659201
42.65197641,-71.32493088,3,11.29,331.5,10.28326183,-6.831736994
42.65206702,-71.32498517,3,10.64,335.8999939,-11.11545294,14.39021524
42.65215203,-71.32504009,3,10.32,337.1000061,6.691188605,2.10732957
42.65224221,-71.32509675,3,10.24,335.1000061,3.650380005,14.94264132
42.65232592,-71.3251606,3,10.51,332,13.78553004,-2.350074391
42.65241368,-71.32522733,3,11.04,330.3999939,10.41762769,-18.88258059
42.65249715,-71.32529639,3,11.15,327.7999878,-30.56782207,-18.56345645
42.65257261,-71.32537552,3,10.87,325.5,14.42493492,-2.336249811
42.65265186,-71.32545772,3,10.75,322.7999878,-2.903651948,-2.379574281
42.65272873,-71.32553932,3,10.57,321,-3.665445584,-3.2585729
42.65279862,-71.32561797,3,10.23,319.6000061,27.54477002,-24.7446127
42.65286527,-71.32568927,3,9.37,318.3999939,0.4502134,-7.463086608
42.6529192,-71.32574926,3,8.05,317.7999878,-8.886413949,1.281970896
42.65296365,-71.32580209,3,6.71,319.1000061,-5.463991762,12.70506901
42.6530007,-71.32584943,3,5.74,316.2999878,-0.384413965,18.64621156
42.65303137,-71.32589204,3,4.8,316.3999939,-9.338274749,8.138541647
42.65305995,-71.32592394,3,4.03,317,-4.390217358,0.393480336
42.65308202,-71.32595355,3,3.46,317.8999939,7.911424093,-21.5297458
42.65309857,-71.32597709,3,2.77,315.3999939,1.0728958,-4.625412125
42.65310985,-71.32599381,3,1.66,315.3999939,0.780934376,2.045566827
42.65311466,-71.3260061,3,0.69,315.3999939,1.553345894,0.411553746
42.65311398,-71.32599099,3,0,0,-2.058584869,7.573439711
42.65311415,-71.32597958,3,0,0,0.218977847,0.666622854
42.65311418,-71.32597938,3,0,0,-0.405793687,-0.272928578
42.65311444,-71.32597867,3,0,0,-0.665369831,1.319235606
42.65311432,-71.32597532,3,0,0,-0.529226341,-0.070432744
42.65311607,-71.3259694,3,0,0,-0.012210422,-0.586837363
42.65311708,-71.32596875,3,0,0,0.549829851,-0.618385511
42.65311885,-71.32596769,3,0,0,-0.381803843,1.229392591
42.65311834,-71.32596702,3,0,0,-1.802257163,6.056790243
42.65311813,-71.32596743,3,0,0,-2.011198775,6.743148983
42.65311871,-71.32596836,3,0.17,315.3999939,-10.28474551,36.6455932
42.6531263,-71.32597108,3,0.63,315.3999939,-6.233740065,-9.440742012
42.65313917,-71.32598917,3,1.61,315.3999939,2.041578078,-6.441282477
42.6531497,-71.32601552,3,2.26,308.7000122,6.517658333,6.345805579
42.65316811,-71.32604361,3,2.94,310.8999939,3.284175319,-14.38607354
42.65318922,-71.3260833,3,3.54,313.5,0.115760336,-10.60127584
42.65321756,-71.32611854,3,3.86,313.7999878,-8.66385402,-1.26768264
42.65324258,-71.32615708,3,4.09,313.7999878,5.565351377,6.943063949
42.65326914,-71.32619529,3,4.4,313.8999939,-1.998864069,-8.821765161
42.65330094,-71.3262407,3,4.77,314.7000122,0.212569008,-7.404510464
42.65333544,-71.32628418,3,4.92,316.2999878,-4.592440006,-3.854644813
42.65336657,-71.32632522,3,5.02,315.3999939,3.87108876,-20.68440436
42.65340185,-71.32637104,3,5,315,3.470915441,-18.62329376
42.65343412,-71.32641212,3,4.53,316.2000122,-1.466214472,6.789612804
42.65345741,-71.32645231,3,3.97,315.3999939,-5.059623253,12.77919766
42.65348109,-71.3264794,3,3.66,314.2999878,-5.44080181,-1.634546347
42.6535008,-71.32651189,3,3.44,315.1000061,-9.246683745,12.27221053
42.65352237,-71.32653974,3,3.22,313.7999878,5.482150017,5.975500257
42.65354069,-71.3265655,3,3.15,306.7999878,8.143244258,-1.097836774
42.65355994,-71.32659576,3,3.19,306.7000122,2.048330976,-15.91803409
42.65357756,-71.32662121,3,2.82,304,-5.050007423,9.252660244
42.65359573,-71.32664525,3,2.74,312,-10.38246133,26.8968242
42.6536125,-71.32666528,3,2.79,313.7999878,-4.76204411,0.747515247
42.65363376,-71.32668983,3,3.28,315,6.12414547,-7.735309769
42.65365832,-71.32672028,3,3.72,315.6000061,-1.316020846,-14.24709111
42.65368403,-71.32675678,3,3.96,316.1000061,20.8964046,-40.29051404
42.65370716,-71.32679284,3,3.82,313.5,-11.11096838,13.09263187
42.65372883,-71.32682066,3,3.3,314.7999878,-0.155707551,12.02849956
42.65374782,-71.32684802,3,3.09,317.2000122,8.933786587,6.199928593
42.65376763,-71.32687437,3,3.08,318.2999878,22.20146707,-2.383412656
42.65378643,-71.3269038,3,3.06,317.7999878,34.2813559,0.181604058
42.65380418,-71.32693562,4,3.06,317.6000061,22.55786247,11.43377772
42.65383437,-71.32694348,3,2.99,345.3999939,35.30679441,-11.46593071
42.6538724,-71.3269228,3,3.84,15.5,5.773283554,-0.859811105
42.65390715,-71.32689127,3,4.51,30.79999924,-20.99805897,23.67650226
42.65395227,-71.32684346,3,5.94,39.20000076,-23.0975684,20.03843726
42.65400458,-71.32678594,3,7.02,40.59999847,-42.74265611,-1.83482401
42.65406212,-71.326725,3,7.83,39.09999847,-14.17384099,-8.75777351
42.65411761,-71.32666091,4,7.93,39.5,24.48638117,11.62078877
42.65417005,-71.32658885,4,8.17,43.20000076,-1.646191981,4.078931718
42.65422688,-71.32650875,4,8.74,43.40000153,-4.942787772,4.279657387
42.65429355,-71.32643335,4,9.14,39.09999847,-23.11559571,-7.006336017
42.65435926,-71.32634832,3,10.11,36.90000153,-20.108118,-14.96870065
42.65443666,-71.32627686,4,10.22,35.90000153,-5.906732583,-9.934536952
42.65445802,-71.32615537,4,9,63.59999847,4.216353721,3.899660338
42.65449055,-71.32605331,4,9.09,65.09999847,2.926711603,5.086465543
42.65456487,-71.32597547,4,9.43,46.90000153,2.007548924,7.58849065
42.65463891,-71.3258815,5,10.78,49.5,-14.67465339,-5.108591551
42.65478874,-71.3258599,5,10.89,26.29999924,-18.85387039,-2.904339356
42.65492625,-71.32581986,5,11.67,22.70000076,2.781409946,-14.1159452
42.65503744,-71.32577842,4,11.76,19.79999924,4.407650426,-16.34276808
42.6551389,-71.32574333,4,11.56,19.39999962,1.779342379,-8.839938714
42.65524438,-71.32571657,4,11.16,18.79999924,-0.8966866,-1.258773293
42.65534489,-71.32568351,4,11.04,18.29999924,-0.90998894,1.935399142
42.65543924,-71.32563706,4,10.76,18.70000076,-14.39477586,-6.660712867
42.65551964,-71.32559505,5,10.5,19.20000076,-23.39460056,-3.787656258
42.65560799,-71.32556485,4,10.19,18.39999962,-31.8240637,-9.523447861
42.65569561,-71.32552846,5,9.54,18.79999924,-4.065176048,-21.19705869
42.65577623,-71.32550682,5,8.49,17.29999924,8.703481196,-18.73668146
42.65583453,-71.32550292,4,7,16.60000038,19.68728061,-7.996715713
42.65588724,-71.32549832,3,5.85,18.79999924,18.30174931,8.895596666
42.65595291,-71.32548044,3,4.78,25.39999962,8.981885186,6.238152369
42.65598595,-71.3254633,3,4.03,37.70000076,7.855495292,11.70511862
42.65600945,-71.32543667,3,3.65,53.40000153,3.226216106,13.09923322
42.65602286,-71.32539756,3,3.46,70.09999847,-7.799744949,-10.14769344
42.65603538,-71.32535876,3,3.66,79,-16.80608764,0.974818502
42.65603706,-71.32532065,3,3.59,93.80000305,-4.93220531,15.99260885
42.65602111,-71.32528021,3,3.88,109.8000031,-19.7695074,40.40840276
42.65600418,-71.32523576,3,4,114.5,-19.28968437,31.68634868
42.65598105,-71.32519496,3,3.71,123.0999985,-3.435056392,8.51505537
42.65596732,-71.32516602,3,3.09,121.5,-1.156942189,-0.253345716
42.6559564,-71.32513673,3,2.63,122.5999985,-12.21068976,11.46021322
42.65594873,-71.32511711,3,2,122.1999969,-2.730959472,1.124763261
42.65593963,-71.32510262,3,1.21,122.1999969,8.778897061,-3.072465945
42.65594025,-71.32509942,3,0.49,122.1999969,18.41371854,-7.101238252
42.65593721,-71.32509595,3,0,0,3.092703152,-1.034637654
42.65593586,-71.32509269,3,0,0,0.227239384,-0.139864726
42.65593324,-71.32509158,3,0,0,-0.404951643,-0.232569187
42.6559317,-71.32509414,3,0,0,-0.157796085,-0.538125891
42.65593145,-71.32509323,3,0,0,-0.135670347,0.560409803
42.6559306,-71.32509635,3,0,0,0.699951983,-0.552331288
42.65592997,-71.32509925,3,0,0,0.105566185,-0.055843562
42.65592961,-71.32510281,3,0,0,-0.163289094,0.206811592
42.65593172,-71.32510249,3,0,0,4.349106811,-3.291619487
42.65593461,-71.32510225,3,0,0,-3.651976922,0.907943416
42.65593644,-71.32510215,3,0,0,-0.53697704,-0.280972346
42.65593764,-71.32510168,3,0,0,-2.013930339,-0.159219543
42.6559386,-71.3251019,3,0,0,1.078339024,0.302376781
42.65593885,-71.32510193,3,0,0,-0.108882071,0.237812619
42.65593893,-71.32510188,3,0,0,-1.340809344,-0.414745311
42.65593898,-71.32510185,3,0,0,-0.628070741,0.481807357
42.65593901,-71.32510183,3,0,0,-1.348357385,-0.983542644
42.65593903,-71.3251018,3,0,0,0.834916436,-0.113752305
42.65593906,-71.32510177,3,0,0,2.119252123,0.285511705
42.65593909,-71.32510176,3,0,0,0.635724661,0.466630863
42.65593911,-71.32510174,3,0,0,1.884844585,-1.15594599
42.65593916,-71.32510173,3,0,0,0.952100835,-0.29274043
42.65593923,-71.32510172,3,0,0,-2.91367594,0.041478551
42.65593927,-71.32510171,3,0,0,1.451154905,0.240038126
42.65593929,-71.32510169,3,0,0,-0.344176506,-0.145975977
42.65593933,-71.32510168,3,0,0,-1.026999555,-0.225174869
42.65593934,-71.32510163,3,0,0,-1.287079868,-0.456731228
42.6559393,-71.32510158,3,0,0,-0.080222454,0.182209409
42.6559393,-71.32510155,3,0,0,-0.267146191,0.305473117
42.65593931,-71.32510147,3,0,0,0.117534599,-0.179045109
42.65593922,-71.32510143,3,0,0,0.120599964,-1.099665293
42.65593912,-71.32510141,3,0,0,-0.267154404,-0.200099407
42.65593904,-71.32510136,3,0,0,1.637223388,0.530390732
42.65593897,-71.32510132,3,0,0,0.067428587,-0.1253738
42.65593891,-71.32510132,3,0,0,0.231709872,-0.139354315
42.65593883,-71.32510134,3,0,0,-0.100593849,0.434533885
42.65593882,-71.32510135,3,0,0,0.606167594,0.544997204
42.65593886,-71.32510137,3,0,0,0.361302358,0.350370908
42.65593896,-71.32510137,3,0,0,-0.912418125,0.540628991
42.65593908,-71.32510136,3,0,0,-0.191479419,-0.083736865
42.6559392,-71.32510133,3,0,0,-0.517453369,0.243226595
42.65593935,-71.32510132,3,0,0,-0.491960995,0.34801999
42.65593948,-71.32510131,3,0,0,0.81886286,0.017524468
42.65593964,-71.32510128,3,0,0,-1.444093725,2.033920215
42.65593972,-71.3251013,3,0,0,-0.015597606,-0.719438357
42.65593988,-71.32510131,3,0,0,1.051885006,-0.459143364
42.65594008,-71.32510131,3,0,0,-0.483473742,0.088784861
42.65594026,-71.32510133,3,0,0,0.016167151,-0.343802647
42.65594041,-71.32510134,3,0,0,0.388618482,0.153275091
42.65594059,-71.32510134,3,0,0,0.280387184,-0.329704529
42.65594079,-71.32510137,3,0,0,0.207593202,0.000420006
42.65594099,-71.32510141,3,0,0,0.269980478,-0.164495748
42.65594103,-71.32510145,3,0,0,-0.054884168,0.161993404
42.65594111,-71.32510149,3,0,0,0.788455418,-0.091083274
42.65594129,-71.32510153,3,0,0,-0.109308757,0.921798808
42.65594145,-71.32510154,3,0,0,-1.456664748,1.976475491
42.65594153,-71.32510157,3,0,0,1.335110275,1.21153417
42.65594172,-71.32510157,3,0,0,-0.294213787,0.61964805
42.65594189,-71.32510159,3,0,0,1.064649006,2.340938199
42.65594198,-71.3251016,3,0,0,-0.542787532,-1.503729283
42.65594208,-71.3251016,3,0,0,-0.771218268,-0.373066258
42.65594218,-71.32510161,3,0,0,-1.095975303,0.517549607
42.65594224,-71.32510164,3,0,0,0.809864316,1.611116572
42.65594227,-71.32510165,3,0,0,0.732608595,0.444350481
42.65594235,-71.32510164,3,0,0,-0.943029299,-0.990648325
42.65594234,-71.32510164,3,0,0,-0.489706616,0.349949944
42.65594234,-71.32510165,3,0,0,0.624820192,0.925160994
42.65594228,-71.32510165,3,0,0,1.052532245,-3.969804555
42.65594221,-71.32510165,3,0,0,0.218762608,0.443858229
42.65594214,-71.32510165,3,0,0,-0.698100176,-0.024146391
42.65594209,-71.32510165,3,0,0,-1.110488711,2.019033672
42.65594209,-71.32510169,3,0,0,-0.053598849,-0.064281272
42.65594209,-71.3251017,3,0,0,-1.379681903,-1.210686649
42.65594207,-71.3251017,3,0,0,1.624672644,-0.220241144
42.65594212,-71.32510171,3,0,0,0.08973046,0.807286878
42.65594211,-71.32510174,3,0,0,1.043380651,0.710980866
42.65594212,-71.32510177,3,0,0,-0.764516125,-0.391851009
42.65594214,-71.32510181,3,0,0,0.137857041,-0.805564028
42.65594211,-71.32510185,3,0,0,0.526595726,0.30572067
42.65594215,-71.3251019,3,0,0,0.549745218,2.063466858
42.65594217,-71.32510194,3,0,0,3.541955217,2.7484406
42.65594221,-71.32510197,3,0,0,-0.186487808,0.49291099
42.65594221,-71.32510201,3,0,0,-2.596561777,0.053052922
42.65594219,-71.32510203,3,0,0,-0.740170484,-0.067543134
42.65594218,-71.32510205,3,0,0,-0.588089751,0.308517023
42.65594218,-71.32510206,3,0,0,1.524413983,1.927869739
42.65594219,-71.32510209,3,0,0,0.303753605,-0.124278457
42.6559422,-71.3251021,3,0,0,2.28313331,-1.735850454
42.65594162,-71.32510121,3,0.15,122.1999969,3.392166694,-2.015247733
42.65593791,-71.32509157,3,0.8,122.1999969,-5.420651497,3.561339607
42.65593505,-71.32507668,3,1.37,122.1999969,6.484885051,0.332862256
42.65593096,-71.32505628,3,1.67,122.1999969,2.001477383,4.89108327
42.65592321,-71.32502339,3,2.64,115.8000031,7.250442841,3.236049396
42.65591512,-71.32498499,3,3.34,109.1999969,1.64374257,-0.826166892
42.65590643,-71.32493342,3,4.13,109.3000031,-4.855551949,14.85183738
42.65589204,-71.32487916,3,5.06,114.9000015,-12.89218024,10.98856903
42.65587298,-71.32481541,3,5.24,116.5,-17.62144309,15.35962103
42.65585718,-71.32476156,3,4.77,113.5,-2.25041397,3.1126214
42.65584735,-71.3247096,3,4.38,107.9000015,1.567188293,3.703866764
42.65584224,-71.32466004,3,4.18,97.19999695,-10.11907053,-0.455278152
42.65585727,-71.32461025,3,4.15,74.30000305,-10.09033118,1.240619528
42.65588451,-71.32457346,3,3.9,53,-10.69994991,-3.561755919
42.65590713,-71.3245569,3,3.52,30.79999924,-15.72774542,-29.44636625
42.65594154,-71.32455438,3,3.65,6.199999809,-19.30901045,-30.41757919
42.65597182,-71.32457124,3,3.51,343.8999939,-7.290323581,-9.218101491
42.65599337,-71.32461068,3,4.13,313.7999878,-5.732728836,-36.07716275
42.65601087,-71.32466832,3,5.09,299.1000061,13.19065206,8.439995946
42.65602563,-71.32473882,3,6.1,288.6000061,25.86749334,26.88125647
42.65604002,-71.32482567,3,7.16,285,-7.7675384,-10.99769421
42.65605848,-71.32491999,3,7.55,283.2000122,1.928053038,-26.15590292
42.65607364,-71.32501075,3,7.29,281,6.43429571,-17.92082567
42.65608225,-71.32508277,3,6.21,281.1000061,-2.258371618,21.13339812
42.65609018,-71.32514781,3,5.37,281.2000122,-0.7720061,-0.1294764
42.65609295,-71.32519854,3,4.65,280.6000061,-0.787910915,9.84759422
42.6560966,-71.32524855,3,4.1,280.6000061,7.861328105,11.9231582
42.65609839,-71.32529353,3,3.59,281,6.325529515,-2.554588369
42.65610134,-71.32532948,3,3.07,281,7.74285603,-9.34899676
42.65610357,-71.32535472,3,1.84,281,1.39173659,3.641978889
42.65610217,-71.32536218,3,0.6,281,-9.31501695,5.02201187
42.6561027,-71.3253692,3,0.33,281,-2.789976851,1.74983171
42.65610174,-71.32537543,3,0.36,281,-1.384754667,1.090438464
42.65610516,-71.32537853,3,0.25,281,-2.348355274,0.569216108
42.6561069,-71.32538356,3,0.3,281,-0.552330934,-0.260661166
42.65610785,-71.32538864,3,0.32,281,-2.264567294,3.619919002
42.65611011,-71.32539591,3,0.41,281,-18.18273774,8.88888773
42.65611131,-71.3254173,3,1.59,281,12.02481023,-41.85241024
42.65611475,-71.32544995,3,2.84,277.2999878,5.66382439,-23.78316585
42.6561157,-71.32547743,3,2.66,272.6000061,8.374416545,-12.3482612
42.65609902,-71.32551051,3,3.33,244.3999939,9.503145185,-10.14403668
42.65607022,-71.32554007,3,3.88,223.1999969,3.62174243,-2.407990953
42.65603363,-71.32556143,3,4.39,209.3000031,-20.05348896,-9.433449771
42.6559894,-71.32558503,3,5.51,200.6000061,-6.300881006,3.620780076
42.65592998,-71.32560893,3,6.96,198,-5.983515435,6.190692283
42.65585507,-71.32564029,3,8.49,198.6999969,-14.50594326,2.101184472
42.65576776,-71.32567064,3,10.24,197.5,-0.980068614,1.247076412
42.65567226,-71.32570543,3,11.61,197.6999969,16.64770657,-10.42259804
42.65555924,-71.32574647,3,12.56,198.5,5.90752989,-5.145025004
42.65544154,-71.32579714,3,13.56,199.1999969,20.72288731,19.80695493
42.6553228,-71.32585576,3,14.14,198.6999969,0.28646917,40.76750464
42.65520626,-71.325911,3,14.15,199.1000061,3.633414426,13.87813832
42.6550858,-71.32596861,3,13.9,200.1999969,14.45772153,2.189247524
42.65496365,-71.32601492,3,13.77,195.1000061,-1.936820081,10.02409589
42.65485119,-71.32606373,4,13.23,197.8000031,15.45292743,-2.145037932
42.6547615,-71.32614018,3,12.6,204.8000031,17.40397836,-5.607758335
42.65466346,-71.32621043,4,12.05,206.8000031,19.54048179,1.561401468
42.65457401,-71.32627315,4,11.46,207.8000031,21.74061674,5.397037254
42.65449014,-71.32633786,4,10.62,209.1999969,4.301306044,-1.4330405
42.65441673,-71.32639759,4,9.8,210.5,-19.31196137,-11.19263304
42.65434451,-71.32644591,3,8.95,214.1999969,-8.089237875,-6.101087836
42.65427909,-71.32650233,3,8.46,215.1000061,16.90728393,12.31030161
42.6542199,-71.32656211,4,8.05,219.3999939,18.66711548,-4.730541239
42.65416775,-71.32661294,3,7.04,217.1000061,13.45213916,3.376657846
42.65412218,-71.32664966,3,5.93,216.6000061,1.556853514,-1.126407914
42.65409079,-71.32668195,3,4.77,218.8999939,-2.697449843,-2.79712243
42.65406755,-71.32670366,3,3.53,216.8000031,-6.62382986,-4.200954331
42.65405682,-71.32671511,3,2.33,216.1000061,-1.219377931,0.077676052
42.65405072,-71.32672194,3,1.44,216.1000061,-11.47260711,-11.62728757
42.65404877,-71.32672778,3,0.62,216.1000061,-15.20982952,-14.25118023
42.65404825,-71.32672716,3,0,0,-4.451510229,-4.010219456
42.65405189,-71.32671994,3,0,0,-0.717366709,-0.659828552
42.6540551,-71.32672295,3,0,0,0.324118982,-0.625098038
42.65405495,-71.32671921,3,0,0,-0.898148507,-0.494305579
42.6540569,-71.3267152,3,0,0,-0.322720454,-0.376368962
42.65405849,-71.32671477,3,0,0,-0.222894757,0.409467068
42.65405718,-71.32671479,3,0,0,0.159936597,-0.198410636
42.65405296,-71.32671635,3,0,0,0.878398357,-0.498088799
42.65405399,-71.32671389,3,0,0,0.132953089,0.097459158
42.65405364,-71.32671409,3,0,0,0.875138074,-0.558743697
42.65405254,-71.32671582,3,0,0,-3.634046274,-4.072183073
42.65405189,-71.32671533,3,0,0,2.81595658,2.346502466
42.65405132,-71.32671605,3,0,0,-0.391403308,-0.11804416
42.65404677,-71.32672065,3,0.19,216.1000061,-4.648863574,-4.623350028
42.65404357,-71.32672395,3,0.29,216.1000061,-3.125498988,-3.884262912
42.65403694,-71.32672742,3,0.55,216.1000061,-28.48007666,-29.49981826
42.654033,-71.32673262,3,1.02,216.1000061,-1.23399517,-5.513813432
42.65401511,-71.32675284,3,2.42,218.3000031,21.81834383,9.453225713
42.65398896,-71.32678074,3,3.7,216.3000031,1.896832325,15.24968165
42.65395602,-71.32681547,3,4.62,215.8999939,40.93555653,-7.675977385
42.65391379,-71.32685425,3,5.27,213.1000061,77.59467872,-11.58811874
42.65386619,-71.32688695,3,5.92,206.8000031,66.36642368,37.52016152
42.65380782,-71.32690833,3,6.03,185.8999939,33.09609067,48.94050454
42.65374936,-71.32688825,3,6.45,169,-22.19276461,45.51080329
42.65369672,-71.32684079,3,6.85,146.6000061,-120.0181224,10.11856726
42.65365647,-71.32678418,3,6.83,132.6999969,-85.45847697,-3.593242147
42.65361433,-71.326726,3,6.4,132.3000031,-23.59566758,3.971132722
42.6535889,-71.32669137,3,4.78,133.1000061,1.407587479,-2.906158709
42.65357493,-71.32667003,3,2.88,131.8999939,26.8826854,-13.03853155
42.65356973,-71.32666025,3,1.47,131.8999939,16.06714181,-9.443819741
42.65356876,-71.32665631,3,0.52,131.8999939,10.46529601,-5.685728383
42.65356902,-71.32665519,3,0.26,131.8999939,20.29884647,-13.58904882
42.65356955,-71.32665311,3,0.21,131.8999939,22.98770598,-14.43085245
42.65357052,-71.32664928,3,0.49,131.8999939,9.46928139,-6.638232023
42.65356391,-71.326635,3,1.65,131.8999939,-19.24860813,15.78879907
42.65354454,-71.32660953,3,3.19,135,-11.45735231,13.14157607
42.6535265,-71.32657798,3,3.46,130.3999939,-0.469445109,2.9296086
42.65349273,-71.32654695,3,4.3,135.8000031,0.42868975,-4.492180359
42.65346172,-71.32650717,3,4.77,135.3999939,-25.1356982,-5.434656685
42.65342449,-71.32646261,3,5.31,136.5,-30.57967973,13.49682292
42.65338505,-71.32642092,3,5.6,141,-24.24262172,61.9229911
42.65334731,-71.32638329,3,5.18,144.3000031,16.53356991,9.265117506
42.65331303,-71.3263485,3,4.24,145.1999969,-9.840158071,12.95048919
42.65328645,-71.32631933,3,3.55,143.3999939,-9.930192771,17.54078451
42.65326845,-71.32630155,3,2.42,142.3000031,8.824470783,-11.97417464
42.65325832,-71.32629259,3,1.48,142.3000031,1.960877152,-2.717426112
42.65325097,-71.32628655,3,0.72,142.3000031,16.38447809,-19.56975096
42.65325188,-71.32628694,3,0,0,4.695505916,-4.771002064
42.65325592,-71.32629341,3,0,0,0.902610561,0.039373014
42.65325728,-71.32629797,3,0,0,1.623632876,1.783706262
42.65325833,-71.32630091,3,0,0,-1.148686294,-1.155220891
42.65326034,-71.32630409,3,0,0,-0.344390561,-0.476534635
42.65326178,-71.32630652,3,0,0,0.965687905,0.115468657
42.65326489,-71.32630756,3,0,0,-2.487289856,-0.495460589
42.65326709,-71.32630653,3,0,0,-0.254451928,0.392364987
42.65326832,-71.32630804,3,0,0,0.185858867,0.119533179
42.65326789,-71.3263068,3,0,0,-0.117376277,-0.701147504
42.65326888,-71.32630551,3,0,0,0.028304589,-0.235966431
42.65326967,-71.32630628,3,0,0,1.362222661,0.247106044
42.65327002,-71.32630653,3,0,0,-0.207297951,0.821787305
42.65327009,-71.32630672,3,0,0,0.309261087,1.696614651
42.6532701,-71.32630681,3,0,0,11.31133781,-5.395289435
42.65326907,-71.32630606,3,0.22,142.3000031,-0.493858597,0.190883556
42.6532628,-71.32629882,3,0.67,142.3000031,-1.374687129,1.253892042
42.65325626,-71.32628825,3,0.95,142.3000031,16.7937404,-12.48794458
42.65324912,-71.32627726,3,1.24,142.3000031,19.08387687,-14.9229675
42.65323235,-71.32625551,3,2.01,136.6999969,-6.373324171,17.54666832
42.65321258,-71.32622714,3,2.89,134.1000061,-2.260779014,-2.044440295
42.65319022,-71.32619503,3,3.48,132.1000061,-4.45823144,0.972473561
42.65316619,-71.32615233,3,4.25,131.8000031,-6.820196923,3.009698336
42.65313563,-71.32610556,3,4.85,132.6999969,-6.452345231,2.284205985
42.6531012,-71.32605431,3,5.15,133.6999969,5.180408545,6.592119993
42.6530662,-71.3260027,3,5.39,134,-3.844354615,-6.649941592
42.653033,-71.32595772,3,5.61,134.3999939,1.17027668,-4.125659448
42.65299422,-71.32590328,3,5.91,135.6000061,-2.582290131,1.005529692
42.65295418,-71.32585311,3,6.11,136.6000061,-6.750362653,6.74168889
42.65291303,-71.32580706,3,5.92,137.3999939,-10.11225341,12.65241287
42.65287942,-71.3257638,3,5.09,138.1999969,1.150035119,-1.382921323
42.65285477,-71.32573104,3,4.03,138.8000031,3.843031233,0.926570181
42.65283467,-71.32570727,3,3.1,138.6999969,-1.593857534,0.850609029
42.65281938,-71.32568659,3,2.08,140.5,9.331465587,-13.07765466
42.65281039,-71.32567994,3,1.39,140.5,13.13978225,-12.68487294
42.65280762,-71.32567495,3,0.68,140.5,1.220400918,-1.483872628
42.65280243,-71.3256677,3,0.5,140.5,-7.762118208,8.955062909
42.65280023,-71.32566781,3,0.26,140.5,12.06517152,-12.73837433
42.65280036,-71.32567344,3,0,0,0.825753405,-1.562440347
42.65279961,-71.32567506,3,0,0,-0.206258387,0.901036698
42.65280066,-71.32567712,3,0,0,-0.051132517,-0.181496415
42.65280036,-71.32567949,3,0,0,-0.811774497,-0.501853692
42.65280175,-71.32567903,3,0,0,-0.214608898,-0.614373018
42.6528021,-71.32568143,3,0,0,-0.134953019,0.170622548
42.65280179,-71.32568553,3,0,0,0.029227581,0.75335082
42.65280226,-71.32568782,3,0,0,-0.269978362,0.162516803
42.65280222,-71.32569126,3,0,0,0.193456665,-0.090506735
42.65280221,-71.32569118,3,0,0,0.043843331,0.007856071
42.65280277,-71.3256907,3,0,0,-0.371421891,0.520120874
42.65280293,-71.32569097,3,0,0,0.088907734,-0.250873894
42.65280281,-71.32569094,3,0,0,-0.459035349,0.207063128
42.65280277,-71.32569088,3,0,0,0.532354478,-0.171058338
42.65280279,-71.32569092,3,0,0,-0.32634629,0.632157663
42.6528028,-71.32569093,3,0,0,-0.067676268,-0.090616418
42.65280285,-71.32569093,3,0,0,0.233905109,-0.113167509
42.65280293,-71.32569091,3,0,0,-0.257464617,-0.238856031
42.65280299,-71.32569088,3,0,0,0.055236902,0.438717404
42.65280306,-71.32569083,3,0,0,1.002014028,-1.765170029
42.65280313,-71.32569076,3,0,0,4.465230349,-4.060798622
42.65280317,-71.32569071,3,0,0,-3.46741038,3.219089885
42.65280317,-71.3256907,3,0,0,-1.587637779,2.034165235
42.65280315,-71.32569066,3,0,0,1.066719131,-1.583339345
42.65280316,-71.32569068,3,0,0,0.656917395,0.58639551
42.65280313,-71.32569065,3,0,0,6.272332007,-5.77786903
42.65280309,-71.32569062,3,0,0,1.825698392,-2.407957769
42.65280152,-71.32568899,3,0.36,140.5,6.614022462,-6.492430543
42.65279323,-71.3256797,3,1,140.5,-1.834085249,-0.259655547
42.65277612,-71.32566026,3,2.19,141.1000061,1.689558686,-2.190291083
42.65275101,-71.32563651,3,3.28,142.8999939,-1.11075404,2.476510413
42.65271495,-71.32560225,3,4.73,142.1999969,4.780413822,0.925977949
42.65266919,-71.32555358,3,6.1,142.8999939,1.292737929,7.222102307
42.65261316,-71.32549844,3,7.26,145.8000031,-20.80070297,18.58323365
42.65254881,-71.3254445,3,8.03,147.6000061,-1.963161386,17.04010276
42.65247672,-71.32539348,3,8.54,149,-7.624940573,27.69849992
42.65240292,-71.32534481,3,8.82,149.1000061,12.1058629,6.46046879
42.65233191,-71.32528524,3,8.81,148.3999939,-1.075249351,2.788126639
42.65226396,-71.32522774,3,8.62,148.1999969,-1.96121989,-0.46072808
42.65219427,-71.32517305,3,8.45,148.8999939,2.416112346,-1.956342625
42.65212999,-71.32511825,3,8.63,149.3000031,-2.698981575,5.784900166
42.65205609,-71.32506408,3,9.06,150.3999939,-8.23094991,0.4165644
42.65197719,-71.32500504,3,9.51,151.1000061,-2.133172839,0.80045613
42.65189527,-71.32494052,3,10.2,151,36.63755447,49.73965129
42.65181007,-71.32487435,3,10.99,150.8999939,11.46849361,6.865649515
42.65162004,-71.32473024,3,12.19,151.6000061,11.90907534,-0.617555741
42.65152377,-71.32466077,3,12.1,151.3999939,-2.581199355,3.288208761
42.65143044,-71.32459488,3,11.85,151.1000061,-1.262110043,-1.605466832
42.65133956,-71.32453136,3,11.6,150.8999939,-3.8399714,-1.941157831
42.65125012,-71.32446555,3,11.12,150.8999939,0.745277317,4.630192073
42.65117287,-71.32440334,3,10.11,151.1999969,7.59283369,7.374505538
42.65110926,-71.32435021,3,8.7,151.3000031,2.534283215,4.155123055
42.65105549,-71.32430769,3,7.16,151.1999969,1.546426807,-15.04862643
42.65100742,-71.32426951,3,6.31,151.3000031,-9.983853729,-9.221174232
42.65095941,-71.3242389,3,6.01,151.3999939,1.43443231,-8.944857329
42.65091357,-71.32420742,3,6.05,150.8999939,-17.06694062,24.93359848
42.65086541,-71.32416796,3,5.91,150.8000031,-25.45317573,2.245224982
42.6508252,-71.32413407,3,4.92,152,17.03467495,-1.74786251
42.65078987,-71.32411615,3,3.85,153,-11.42203971,-6.315298996
42.65075986,-71.32410004,3,3.48,153.6000061,-8.149051841,-7.886311685
42.65072524,-71.32408906,3,3.34,166.3999939,-4.459699374,0.73987873
42.6506879,-71.32410023,3,3.22,184.6000061,-9.38469916,-3.172304166
42.65066052,-71.32411662,3,3.32,205.1000061,6.472716815,-3.808394343
42.65063329,-71.32414601,3,3.8,219.6000061,-18.69759812,-31.94767562
42.65060263,-71.32418675,3,4.79,226.3999939,0.882931079,-4.443542204
42.6505616,-71.32424093,3,6.25,226.8999939,3.77106775,-4.79916992
42.65050799,-71.32431606,3,7.87,227.8999939,6.933666162,-3.551813828
42.65044957,-71.32439987,3,9.36,227,24.91946301,2.94800085
42.65038377,-71.3244864,3,9.82,225.6000061,12.82376213,0.810517635
42.65032144,-71.32456011,3,9.48,223.5,1.189577839,1.40752615
42.65025885,-71.32463132,3,9.2,220.8999939,3.757025416,9.952671276
42.65020407,-71.32469517,3,8.65,220.5,7.695332756,17.20961857
42.65015073,-71.3247517,3,7.45,221,9.835866198,-0.588948533
42.65010646,-71.32479358,3,5.94,215.3999939,7.018299909,-12.08669039
42.65006723,-71.3248122,3,4.58,202,5.916375421,-14.03028152
42.65003753,-71.32482092,3,4.07,185.1999969,-9.797489804,33.17584229
42.65000831,-71.32479745,3,3.96,159.8000031,-9.498366379,19.55511153
42.64998657,-71.32476681,3,4.16,135.3000031,-5.16680792,-32.10618041
42.64996894,-71.32471,3,4.99,119.0999985,0.892753862,-12.5325619
42.64995257,-71.32463436,3,6.18,111.9000015,-16.95129332,-13.68908753
42.64993056,-71.32454495,3,7.48,110.4000015,-29.2120387,-12.46956527
42.64989916,-71.32443799,3,8.57,114.8000031,-42.33718603,1.117904755
42.64984989,-71.32432668,4,10.19,121.4000015,-25.65734697,-0.382145226
42.64982752,-71.32421868,3,9.62,110.8000031,-16.42269411,-12.43193913
42.64979867,-71.32410634,3,9.37,113.4000015,-6.445703874,-10.25229064
42.64976197,-71.32401568,3,9.41,119.4000015,-0.62093064,29.35292904
42.64972287,-71.323922,3,9.36,121.8000031,-15.86674171,31.62719861
42.64968671,-71.32383331,3,9.07,123.0999985,-20.38690358,21.08586494
42.64964931,-71.32375068,3,8.31,121.6999969,-20.45031397,6.364185258
42.64961826,-71.32367163,3,7.24,121.5999985,-10.23858555,-0.941955619
42.64959407,-71.32361299,3,5.93,123.3000031,10.43659136,-11.36830604
42.64958339,-71.32356673,3,4.49,120.8000031,25.73434937,-23.32147535
42.64956485,-71.32353375,3,3.58,125.1999969,9.135649551,-25.74339393
42.6495454,-71.32351018,3,3.17,137.3000031,1.355884525,-5.982370317
42.6495243,-71.3234944,3,2.62,150.1000061,19.92947216,17.25433772
42.64949953,-71.32348969,3,2.89,174.3000031,34.06843386,22.1400858
42.64947716,-71.32348781,3,2.67,181.6000061,33.5563968,-15.23367659
42.64945131,-71.32348715,3,2.44,182.1000061,28.39645419,-16.57257485
42.64942292,-71.32348316,3,2.81,174.5,1.71210482,39.15857006
42.64939581,-71.32347653,3,3.17,164.1999969,-0.061701907,15.59786826
42.64937042,-71.3234566,3,3.01,150.8999939,-21.24884577,8.330677691
42.64934717,-71.32344455,3,2.66,142.3000031,-1.670412363,-13.99429485
42.6493324,-71.32342413,3,2.66,129.1000061,-2.141417861,-11.50313865
42.64931909,-71.3233963,3,2.86,128.1000061,-33.56442571,10.67408696
42.64930596,-71.32337148,3,2.85,125.8000031,-40.01831564,12.6246269
42.64930087,-71.32334324,3,2.25,121.6999969,-13.65883831,2.889745982
42.64929737,-71.32333445,3,1.12,121.6999969,29.65047898,-12.80969016
42.64929621,-71.3233346,3,0.2,121.6999969,12.35711161,-5.061320157
42.64929785,-71.32333006,3,0,0,1.703732104,-0.993709764
42.64929822,-71.32333256,3,0,0,-1.075973192,0.383500311
42.64929732,-71.32333186,3,0,0,-0.920411216,-0.619524753
42.64929766,-71.3233307,4,0.17,121.6999969,-1.028317158,2.021654596
42.64929211,-71.32332213,3,0,0,-0.799697791,-0.23014716
42.64929079,-71.32331554,4,0,0,2.291283458,-0.488356235
42.6492898,-71.32331262,4,0,0,-0.339809083,-0.096528049
42.64928724,-71.32330536,5,0,0,-0.911168823,0.190948117
42.64928602,-71.32330064,5,0,0,-1.69248098,0.451255981
42.64928421,-71.323297,6,0,0,-0.235719245,0.05440018
42.64928289,-71.32329393,5,0,0,-3.002395314,-0.793473849
42.64928336,-71.32328888,5,0,0,0.233555482,1.129498157
42.64928534,-71.3232893,5,0,0,0.45979366,0.940559511
42.64928625,-71.32328903,5,0,0,1.537747431,0.178534596
42.64928672,-71.3232898,5,0,0,1.762092676,-0.196338379
42.64928705,-71.3232901,6,0,0,0.615024895,-0.289320345
42.64928701,-71.32329049,6,0,0,-0.174621543,-0.750617296
42.649287,-71.3232905,6,0,0,-0.182960996,0.476723334
