42.65410659,-71.32652577,4279.586914,0,0
42.64934421,-71.32338703,21,2.87,14.4140625
42.649448,-71.32335266,15,2.4397748,359.2999878
42.64943986,-71.32335763,6,4.075414,325.5
42.64953597,-71.3232829,4,5.261863,306.2000122
42.64956105,-71.32327025,7,6.6103706,300.1000061
42.64959869,-71.32336141,7,8.141038,298.7000122
42.64963086,-71.32342878,6,8.864113,305.7999878
42.64968493,-71.32353706,5,9.583804,302.3999939
42.6497421,-71.32365106,5,10.520386,302.2000122
42.6497977,-71.32379072,4,11.02147,300.1000061
42.64984736,-71.32390151,4,10.870557,300.7999878
42.64989976,-71.32401892,4,10.600019,298
42.6499719,-71.32422671,3,9.540021,295.1000061
42.6500282,-71.32441523,3,7.82016,291.8999939
42.65006429,-71.32454985,3,5.5109076,291.1000061
42.65008283,-71.3246246,3,2.6902974,290.7000122
42.65010981,-71.32466859,3,2.8701568,289.3999939
42.6501148,-71.32478263,3,4.580884,267.2999878
42.65009929,-71.32484846,3,5.480447,251.1000061
42.65006604,-71.32491833,3,6.650481,235.8999939
42.65001855,-71.32499022,3,7.512936,228.3999939
42.64996574,-71.32506128,3,8.100303,225.8000031
42.64991596,-71.32513262,3,8.080007,227.1999969
42.64987218,-71.32520081,3,7.4700065,230.3999939
42.64983431,-71.32526462,3,6.680367,232.3000031
42.64979911,-71.32531656,3,5.9103045,229.3000031
42.64975862,-71.32534941,3,5.2070045,215.3999939
42.64971171,-71.32537562,3,5.22,205.6999969
42.64966425,-71.32537875,3,5.150039,189.3000031
42.64961912,-71.32536106,3,5.340759,173.3999939
42.6495793,-71.32533752,3,5.2524376,161.1999969
42.64953387,-71.32531721,3,6.160292,150.6000061
42.64948014,-71.32526946,3,7.5,144.6000061
42.64941897,-71.32521224,3,8.370024,145.8000031
42.64935254,-71.32514884,3,9.060006,146.3000031
42.64928038,-71.32508124,3,9.710083,145.8000031
42.64920627,-71.32500797,3,10.440172,145.3999939
42.64912956,-71.32493222,4,10.880018,143.5
42.64904694,-71.32485726,4,11.5301075,144
42.64896253,-71.32477666,4,11.980149,145.3000031
42.64887817,-71.32469196,4,12.010338,145.8999939
42.64877048,-71.32461813,4,12.19164,146.1999969
42.64867704,-71.32453723,4,12.260036,146.6000061
42.64858784,-71.32445695,4,12.100265,146.6000061
42.64850013,-71.32437513,4,12.090016,146.6000061
42.64841199,-71.32429258,4,11.910823,146.3999939
42.64832111,-71.32421009,4,11.990417,146.3000031
42.64823713,-71.32412652,4,11.770833,146.1999969
42.64814988,-71.32405003,4,11.412121,146.5
42.64806555,-71.32397834,4,11.23036,147.1999969
42.64796375,-71.3238983,3,10.701514,145.8999939
42.64788655,-71.32382019,3,10.750563,144.6000061
42.64779598,-71.32373515,4,10.822887,145.8999939
42.64771771,-71.32366364,4,10.47138,145.3000031
42.64764118,-71.32359452,4,10.350947,146.3000031
42.64756939,-71.32353207,4,10.305285,148.8999939
42.6474919,-71.3234636,4,10.411229,147.3999939
42.64741005,-71.3233829,4,10.612945,144.8000031
42.64732643,-71.3233105,4,10.991315,144.5
42.647245,-71.32323682,4,11.301598,145.1000061
42.64715779,-71.32315884,4,11.580432,145.1000061
42.64705986,-71.32308305,4,11.920037,146
42.64696594,-71.32300913,5,12.21,146.3999939
42.64686741,-71.32293565,4,12.430326,147.1000061
42.64677074,-71.32285921,4,12.411305,147.1000061
42.64667523,-71.3227819,4,12.401612,147
42.64658042,-71.32270145,4,12.302963,145.8999939
42.64648876,-71.32261863,4,12.211184,143.8999939
42.6463881,-71.32253767,4,12.536706,145.3999939
42.64629215,-71.32245876,3,12.435506,145.6999969
42.64619548,-71.32238234,3,12.481602,146.6000061
42.6461001,-71.32230263,3,12.380792,146.1000061
42.64600493,-71.3222235,3,12.374138,145.8000031
42.64591055,-71.32214232,3,12.317862,146.3999939
42.64582095,-71.32206507,3,11.983509,146.1999969
42.64574155,-71.32198741,3,11.222567,142.1000061
42.64565644,-71.32191116,3,11.183506,145.8000031
42.64556655,-71.32184293,3,10.754185,146.6000061
42.6454841,-71.32177227,3,10.244105,146.3999939
42.64540432,-71.3217069,3,9.642075,145.6999969
42.64533389,-71.32164405,3,9.320772,147
42.64527613,-71.32159401,3,8.430854,148.1000061
42.64520994,-71.32154799,3,7.9327803,151.1999969
42.64513312,-71.32151113,3,7.6412826,159.5
42.64506356,-71.32149307,3,7.5511193,170.1999969
42.64498455,-71.32148513,3,7.400007,176.3999939
42.64491226,-71.32148078,3,7.170174,180.6999969
42.64485263,-71.32147537,3,7.1300635,184.3999939
42.64478728,-71.32147961,3,6.76,184.5
42.64473163,-71.32148365,3,6.1301303,184.3999939
42.64468617,-71.32148298,3,5.480082,184.8000031
42.64464686,-71.32148429,3,4.5608883,185.8000031
42.64460734,-71.32148357,3,3.580349,184.6999969
42.64458415,-71.32147815,3,2.540492,185.1999969
42.64456979,-71.32147414,3,1.7407182,184.8999939
42.64455688,-71.32147179,3,1.970406,184.8000031
42.64452793,-71.32146549,3,2.5712447,180.6999969
42.64450292,-71.32146622,4,2.830159,178.8000031
42.64446424,-71.32147271,4,3.56,182
42.64442996,-71.32147658,4,3.9806154,180
42.64438871,-71.32147438,3,4.5300446,180.5
42.64433912,-71.32148171,4,5.031948,181.8000031
42.64429131,-71.32147418,4,5.636471,181.6999969
42.64422754,-71.32147761,4,6.48,184.5
42.64416565,-71.32147538,4,6.8429236,181.8000031
42.64410952,-71.32148228,4,6.3817635,185.1999969
42.64405911,-71.32149934,4,5.7814617,186.8999939
42.64401254,-71.32151164,4,5.0406346,186.6000061
42.64397899,-71.32151388,4,3.8900516,183.6999969
42.64395284,-71.32151425,4,3.1005805,184.1999969
42.64393206,-71.32151402,3,2.1633308,181.3999939
42.64391868,-71.32151535,3,1.5105296,181.5
42.64390377,-71.32151432,3,1.7718071,196.1999969
42.6438842,-71.32151917,3,2.090861,196.1000061
42.64385331,-71.32153345,3,3.100258,195.5
42.64383044,-71.3215763,3,3.58,226.6999969
42.64381484,-71.32162568,3,4.1905847,245.1999969
42.64380056,-71.32167309,3,4.460717,245
42.64378859,-71.32176825,3,6.3813243,252.5
42.6437731,-71.321865,3,7.4804277,253.8999939
42.64375335,-71.32196778,3,8.34,255.1000061
42.6437349,-71.32208676,3,9.290263,255.1000061
42.64371763,-71.32221339,3,10.052194,253.8000031
42.64369929,-71.32234474,3,10.900041,254.6999969
42.64367037,-71.32249445,4,11.340071,254.8000031
42.64363792,-71.32262749,4,10.530385,251.5
42.64360855,-71.32275888,4,10.950224,255.6000061
42.64359332,-71.32288941,3,11.640005,256.7999878
42.64357174,-71.32303649,3,12.130037,257.2999878
42.64354815,-71.32318444,4,12.360004,257.2999878
42.6435379,-71.32331293,4,11.233245,260.8999939
42.64349965,-71.32349596,4,13.550181,257.5
42.64347546,-71.32365225,4,13.200015,256.7999878
42.64344858,-71.32380096,3,12.960034,256.8999939
42.64344729,-71.32393869,3,12.720036,257.3999939
42.6434182,-71.32408863,3,12.030016,257.8999939
42.64339193,-71.32422687,3,11.55007,258.2000122
42.64336915,-71.32436274,3,11.220539,256.3999939
42.64334479,-71.32448958,3,11.110882,255.3999939
42.64331749,-71.32462106,3,11.360634,255.5
42.64329314,-71.32476569,3,11.620155,255.3999939
42.64326684,-71.3249161,3,12.2905855,255.3000031
42.64324241,-71.32505827,3,12.520256,256.3999939
42.6432151,-71.3252124,3,12.510036,256.6000061
42.6431918,-71.32537687,3,12.062007,258.3999939
42.64317443,-71.32551108,4,11.780004,257.3999939
42.64315719,-71.32564983,4,11.340071,258.7000122
42.64314823,-71.32578072,4,10.99,261
42.64313521,-71.32590479,4,10.110019,261.6000061
42.64311775,-71.32601714,3,9.282155,261
42.64310824,-71.32611874,3,8.390096,262.2999878
42.6431021,-71.3261985,3,7.4613137,262
42.64309346,-71.32627719,3,6.57,262.6000061
42.64308163,-71.32634761,3,5.4600825,262.8999939
42.64307409,-71.32639753,3,4.29,263.7999878
42.6430703,-71.32642455,3,2.1600926,261.3999939
42.64307113,-71.3264271,3,0.44283178,262
42.64307472,-71.32641638,3,0,0
42.64307499,-71.32640981,3,0,0
42.64307282,-71.32640485,3,0,0
42.64307147,-71.32640138,3,0,0
42.64306431,-71.32641656,3,1.04,262
42.6430712,-71.32645665,3,2.5609567,265.1000061
42.64306558,-71.32649797,3,3.4432688,260.2000122
42.6430576,-71.32654743,3,4.040792,258.2999878
42.6430509,-71.32661096,3,4.9005,257.2999878
42.64304234,-71.32669889,3,6.200008,261.8999939
42.64303413,-71.32677984,3,6.75,263.3999939
42.64303012,-71.32687618,3,7.6947384,265.5
42.64302874,-71.32697459,3,7.745063,264.6000061
42.6430295,-71.32706635,3,6.9705806,267.6000061
42.64302287,-71.32714346,3,6.5503745,266.2999878
42.64301412,-71.32721524,3,6.150203,264
42.6430101,-71.32729838,3,6.1106625,262.7000122
42.64299378,-71.32738196,3,6.3803844,259.2999878
42.64297704,-71.32745663,3,6.620068,258
42.64295808,-71.32753762,3,7.1200066,258.3999939
42.64294337,-71.32761866,3,7.000007,259.2000122
42.64294768,-71.32771739,3,7.1237135,266.7999878
42.64295072,-71.32780701,3,7.060255,267.2000122
42.64293539,-71.3278816,3,7.020007,263.7999878
42.64293064,-71.32797599,3,6.9401155,263.3999939
42.64292136,-71.3280589,3,6.8601823,262.6000061
42.64291088,-71.32813979,3,6.8116517,260.7999878
42.64289708,-71.3282158,3,6.7601185,260.1000061
42.6428884,-71.32830425,3,6.970007,262
42.64287686,-71.32839469,3,7.1100073,263.6000061
42.64288103,-71.32850509,3,7.850006,267.2999878
42.64287616,-71.32860264,3,8.270491,264.2999878
42.64285699,-71.32869845,3,8.540709,263.2000122
42.64284349,-71.32880971,3,8.920678,262.3999939
42.64283144,-71.32892282,3,9.231386,262.5
42.64281403,-71.32904018,3,9.740251,262.1000061
42.64281044,-71.32916506,3,10.090496,262
42.64279574,-71.32929069,3,10.260488,262.1000061
42.64278624,-71.32941814,3,10.460019,262.2000122
42.64276083,-71.32954031,4,10.412324,256
42.64273899,-71.32966538,4,10.320393,255.3999939
42.64270726,-71.32978804,4,10.391083,251.1999969
42.64267223,-71.32991564,4,10.660169,249.1000061
42.64264077,-71.33003683,4,10.76,249.6000061
42.64259678,-71.33016541,4,10.89046,249.3000031
42.64257179,-71.33028539,3,10.431386,253.5
42.64254564,-71.33039826,3,9.980044,251.8999939
42.64252079,-71.33051324,3,9.780184,250.8999939
42.64249671,-71.33062304,4,9.480005,251.3000031
42.64247574,-71.33072139,3,8.630283,252
42.64245375,-71.33081175,3,7.6304193,254.6999969
42.64244205,-71.33088442,3,6.8000665,252.8999939
42.64242473,-71.33095235,3,5.7967234,253.5
42.64240833,-71.33099151,4,3.8003287,253.3999939
42.64241443,-71.33102573,4,2.332595,266
42.64242214,-71.33105714,5,2.3853722,282.7999878
42.64242983,-71.33108858,7,2.410332,280.1000061
42.64242834,-71.33113202,8,2.8908477,273.7999878
42.64239803,-71.33118731,5,3.0066593,268.7999878
42.64239483,-71.33121967,5,2.8547678,252.3999939
42.64241537,-71.33125665,5,3.2840219,313.6000061
42.64244591,-71.33128041,5,3.7264729,334
42.64248729,-71.33130575,5,5.220239,340.6000061
42.64252928,-71.33132613,4,5.91,343.7999878
42.64259471,-71.33135371,4,6.7700667,341.7999878
42.64265597,-71.3313884,4,7.350333,341.5
42.64273032,-71.33142183,3,7.890101,341.5
42.64280581,-71.33145735,3,8.360054,341.8999939
42.6428864,-71.3314938,3,8.790278,342
42.64296835,-71.3315263,3,8.9802,342
42.64305078,-71.33156259,3,9.250006,341.7999878
42.64313443,-71.33159352,3,9.41,341.2999878
42.64320827,-71.33163338,3,9.180088,340.2999878
42.64329157,-71.33168583,3,9.561889,341.7999878
42.64337081,-71.33172572,3,9.353342,342.8999939
42.6434648,-71.33415341,28,1.94,56.6015625
42.64336289,-71.33386167,19,2.828162,159.6999969
42.64331943,-71.33382795,14,0.16492422,159.6999969
42.64327435,-71.33375812,7,0.01,0
42.6431637,-71.33353133,19,0.15524174,159.6999969
42.64330498,-71.33378089,10,1.01,167.1999969
42.64330972,-71.3337748,8,1.34,166.6000061
42.64330856,-71.33377198,6,1.6807438,151.5
42.64330011,-71.33376627,5,2.50002,149.3999939
42.64327911,-71.33376247,4,3.0004165,146
42.64326879,-71.33378487,3,3.5302265,147.6999969
42.64323588,-71.33376039,3,4.0703073,151.6000061
42.64320162,-71.33375474,3,4.460717,160
42.64315349,-71.33373303,3,5.1201563,165.5
42.64309885,-71.33371637,3,5.930135,170.3000031
42.64304237,-71.33370116,3,6.5000076,170.5
42.64298115,-71.33368298,3,6.84,168.5
42.64291825,-71.33365423,3,6.98,166.1999969
42.64285342,-71.33363181,3,7.1301756,166
42.64279216,-71.33360836,3,7.21,166.6000061
42.64272651,-71.33358359,3,7.3401704,166.5
42.64265981,-71.33356018,3,7.42,166.5
42.64259792,-71.33353802,3,7.540325,166.3999939
42.64253448,-71.33351559,3,7.6009474,166
42.64246473,-71.3334933,3,7.7001038,166
42.64239649,-71.33346772,3,7.7003183,165.6999969
42.64233042,-71.33344983,3,7.4603286,165.5
42.64226594,-71.33342668,3,7.190007,166.3999939
42.64221127,-71.33340818,3,6.7219715,166
42.64215362,-71.33338775,3,6.1703973,163.6000061
42.64210038,-71.33337199,3,5.990208,165.6000061
42.64205295,-71.33335693,3,5.5957837,164.6000061
42.64201837,-71.333349,3,4.6703854,166.3000031
42.64197637,-71.33333563,3,4.1782413,168
42.64193901,-71.33332566,3,3.7075193,176.6000061
42.64191747,-71.33332063,3,3.583769,187
42.64188123,-71.33333287,3,3.4786923,207.1000061
42.64185737,-71.33338602,3,4.681239,232.5
42.64183095,-71.33344908,3,5.770702,240.5
42.64181908,-71.33351141,3,5.670432,250.1000061
42.6417993,-71.33359482,3,7.309973,253.5
42.64178414,-71.33370235,3,7.34834,252.3000031
42.64176026,-71.3337896,3,7.05139,256.2000122
42.64173362,-71.3338751,3,6.8704658,254.6000061
42.64171117,-71.33395694,3,6.803242,252.8999939
42.64169535,-71.33404496,3,7.1104503,253.8999939
42.64167516,-71.33413131,3,7.46067,252.1000061
42.64165254,-71.3342213,3,7.4448977,251.6000061
42.64162567,-71.33431542,3,7.6551485,250.6000061
42.64160418,-71.33440861,3,7.65669,254
42.64158662,-71.3344993,3,7.0510216,254.1000061
42.64156718,-71.33458517,3,7.1711783,250.8999939
42.64154731,-71.33467764,3,7.2779465,254.1000061
42.64153522,-71.33476508,3,6.8040648,255.1999969
42.64152298,-71.33484587,3,6.8265953,251.8999939
42.64151187,-71.33493093,3,6.55,252.1000061
42.64149253,-71.33501184,3,6.895288,252.6000061
42.64146968,-71.33509598,3,6.8200293,249.3999939
42.64143727,-71.33517024,3,7.2955465,255.1999969
42.64141816,-71.33526625,3,7.654417,251.6000061
42.64139635,-71.33535781,3,7.5201063,253.3999939
42.64137978,-71.33544742,3,7.382195,254.3000031
42.64136314,-71.33553358,3,7.3300066,255.3999939
42.64134402,-71.33561628,3,7.1430874,252.5
42.64132466,-71.33569745,3,6.7842464,252.8000031
42.64130532,-71.33578025,3,6.8816347,252.5
42.64128977,-71.33586245,3,6.8445673,255
42.64126843,-71.33595241,3,7.0508585,254.8999939
42.64124849,-71.33603409,3,7.280687,252.3999939
42.64123074,-71.33611971,3,7.3149843,257.2000122
42.641205,-71.33620157,3,7.540106,251.3000031
42.64117742,-71.33629955,3,7.891831,250.1000061
42.64115461,-71.33639273,3,7.841843,252.8999939
42.64108854,-71.3366697,3,7.872541,252.6000061
42.64106675,-71.33676169,3,7.821848,251.3000031
42.64104473,-71.33685067,3,7.782082,250.3999939
42.64100685,-71.33703254,3,7.845738,252.3999939
42.64096227,-71.33722454,3,7.8341117,252.3000031
42.64095112,-71.33731079,3,7.120028,253.3999939
42.64092687,-71.33740189,3,7.121376,251
42.64091123,-71.33747035,3,6.287162,249.8999939
42.64089597,-71.33753976,3,5.849726,245.3000031
42.64088026,-71.33758221,3,4.281974,234.3000031
42.64085612,-71.33761241,3,3.6930475,232.1999969
42.64079298,-71.33767614,3,2.7411675,212.6999969
42.64077197,-71.33768788,3,2.3913386,194.5
42.64070338,-71.33766403,3,2.302173,140.5
42.64068633,-71.33761601,3,1.9184629,114.5999985
42.64069588,-71.33760387,4,0.45000002,112.6999969
42.64070084,-71.33760115,4,0.37013513,111.9000015
42.64070625,-71.33759765,4,0.13,0
42.64070887,-71.33759561,4,0,0
42.64070653,-71.33760233,4,0,0
42.64070601,-71.33760024,4,0,0
42.64070438,-71.33760097,4,0,0
42.64069371,-71.33759811,4,0,0
42.64070826,-71.3376066,4,0.38183767,111.6999969
42.64071777,-71.33760449,4,0,0
42.64073188,-71.33762922,4,0,0
42.64074148,-71.33763725,3,0,0
42.64074473,-71.33764141,3,0,0
42.64074742,-71.33763761,3,0,0
42.64075086,-71.33763641,3,0,0
42.6407509,-71.33763747,4,0,0
42.64075141,-71.33763797,4,0,0
42.64075212,-71.33763811,4,0,0
42.64075224,-71.33763806,4,0,0
42.64075193,-71.33763857,5,0.26,0
42.6407632,-71.33763173,4,0,0
42.64076072,-71.33763182,4,0,0
42.64075884,-71.33763033,4,0.35846898,111.6999969
42.64075973,-71.33761846,4,0,0
42.64075208,-71.33761075,4,0,0
42.64075019,-71.33760595,4,0,0
42.64074436,-71.33760644,4,0,0
42.64074089,-71.33761063,4,0,0
42.64074037,-71.33761045,4,0,0
42.6407402,-71.33761079,3,0,0
42.64073978,-71.33761056,3,0,0
42.64073947,-71.33761039,3,0,0
42.64073935,-71.33761034,3,0,0
42.64073931,-71.33761013,3,0,0
42.64073954,-71.33760996,3,0,0
42.64073994,-71.33761015,3,0,0
42.64074009,-71.33760992,4,0,0
42.64074013,-71.33760986,4,0,0
42.64074046,-71.33761006,4,0,0
42.64074062,-71.33760994,4,0,0
42.6407407,-71.33760981,4,0,0
42.64074102,-71.33760986,4,0,0
42.64074119,-71.33760993,4,0,0
42.64074162,-71.3376099,4,0,0
42.64074209,-71.33760986,4,0,0
42.64074308,-71.33760904,4,0,0
42.64073884,-71.33759756,3,0.71168816,108.6999969
42.6407417,-71.33758402,3,0.95336246,98.90000153
42.64077346,-71.33751227,3,2.979463,38
42.64081861,-71.33747551,3,4.0327907,23.60000038
42.64085759,-71.33745802,3,4.092396,24.20000076
42.64094363,-71.33733284,3,5.473911,53.20000076
42.64099366,-71.33718821,3,6.7800074,73.30000305
42.64100957,-71.337093,3,7.5614877,73.69999695
42.64104251,-71.33688062,3,9.290436,72.5
42.64112835,-71.33652575,3,9.823248,71.5
42.64115824,-71.3364089,3,9.45191,72.90000153
42.6411778,-71.33630227,3,9.014932,73.09999847
42.64123088,-71.33609036,3,8.801165,70.09999847
42.6412768,-71.33589484,3,8.453337,73.40000153
42.64129847,-71.33579627,3,8.437263,73.40000153
42.64138407,-71.33544211,3,7.27044,75.40000153
42.64140611,-71.33526368,3,7.578555,73.59999847
42.64143204,-71.33517308,3,7.6631584,73.09999847
42.64146619,-71.33498525,3,7.8565197,74.69999695
42.6415103,-71.33480809,3,8.260181,74.5
42.64153116,-71.33471727,3,8.023777,72
42.64155718,-71.33462287,3,8.064862,73.09999847
42.641585,-71.3345233,3,7.9864135,73
42.64160981,-71.33442762,3,8.0723295,73.5
42.64163839,-71.33432816,3,8.427271,72.40000153
42.64166096,-71.33423557,3,7.92,73.30000305
42.64169125,-71.33406785,3,7.153384,72.90000153
42.64172195,-71.33398421,3,6.9401155,69.80000305
42.64174289,-71.33390124,3,6.840117,71.30000305
42.64175947,-71.33382715,3,6.492226,74.5
42.64177301,-71.33375576,3,6.192334,73.09999847
42.64178807,-71.33369041,3,5.8258047,75.90000153
42.64180229,-71.33363144,3,4.901469,74.5
42.64180841,-71.33357941,3,4.704253,74.5
42.6418368,-71.33351727,3,2.813965,69.5
42.64184658,-71.33347779,3,0.6802941,69.59999847
42.64185359,-71.33347682,4,0.28,69.19999695
42.6418615,-71.33346989,3,0.20223749,69
42.64187148,-71.33340664,3,2.9600675,73.59999847
42.64188361,-71.33335919,3,4.110049,72.80000305
42.64191667,-71.33323056,3,5.8400345,71.40000153
42.64193075,-71.33315181,3,6.6600075,70.59999847
42.6419849,-71.33298607,3,7.960402,66.30000305
42.64202915,-71.33279033,3,8.600053,71.59999847
42.64204392,-71.33268975,3,8.760463,73.5
42.64208352,-71.33248836,3,8.652086,72.30000305
42.64212905,-71.33229303,3,8.552339,71.80000305
42.64217898,-71.33209733,3,8.394028,72.69999695
42.64219713,-71.33199813,3,8.205485,74.5
42.64225929,-71.33172419,3,7.611682,74.69999695
42.64227542,-71.33164499,3,7.073118,74.69999695
42.64230537,-71.3314956,3,5.700219,77.19999695
42.64232573,-71.33139041,3,3.8510516,76.80000305
42.64234435,-71.33134189,3,2.0662043,62.79999924
42.64236114,-71.33129095,3,2.9800167,67.5
42.64237332,-71.3311764,3,5.3211374,73
42.64238781,-71.33110674,3,6.011007,74.09999847
42.64244407,-71.33086072,3,7.1701117,76.90000153
42.64250708,-71.33068963,3,7.570238,67.59999847
42.64252972,-71.33061375,3,6.865712,70.80000305
42.6425794,-71.3303935,3,6.1218376,73.90000153
42.64261473,-71.33023174,3,7.5200267,71.40000153
42.64265946,-71.33002337,3,8.980139,73.80000305
42.64270329,-71.32979087,3,9.71033,75.5
42.64272785,-71.32967902,3,9.570632,74.90000153
42.64277386,-71.32945582,3,9.290086,74
42.64280761,-71.32922691,3,9.340021,78.59999847
42.64283362,-71.32889468,3,9.050138,84.09999847
42.64284304,-71.32878635,3,8.950089,84
42.64286279,-71.32858551,3,8.200055,83
42.64288392,-71.32840218,3,7.610164,80.80000305
42.64291487,-71.32820685,3,8.400005,77.69999695
42.6429488,-71.32798187,3,9.42,82.69999695
42.64297086,-71.32773309,3,10.380583,83.80000305
42.64299954,-71.3273769,3,9.220543,89.69999695
42.643001,-71.32727635,3,7.8522987,87.69999695
42.64302148,-71.32711666,3,5.5680876,82
42.6430311,-71.3269946,3,3.0565503,89
42.64305006,-71.3269492,3,2.9275417,92.40000153
42.64305608,-71.32691756,3,3.095836,86.90000153
42.64308447,-71.32686757,3,2.9445035,74.5
42.64308567,-71.32677891,3,4.1643367,76.19999695
42.64309273,-71.32665086,4,5.8162704,82.40000153
42.64310661,-71.32650265,4,6.085138,78.19999695
42.64311694,-71.32641839,4,5.7468247,83.80000305
42.64309564,-71.32623583,4,4.312609,88.30000305
42.64312264,-71.32615574,3,3.2900152,89.5
42.64313641,-71.32607404,4,2.4703238,83.80000305
42.64311204,-71.3260603,4,0.89157164,95.09999847
42.64311588,-71.326054,3,0.6596969,95
42.64312567,-71.3260361,3,0,0
42.64311988,-71.32603376,3,0,0
42.64312106,-71.32603574,3,1.1423222,94.80000305
42.64311997,-71.32604121,3,1.1761378,94.80000305
42.64311929,-71.32604305,3,0,0
42.6431083,-71.32604485,3,0,0
42.64310357,-71.32604933,3,0,0
42.64310594,-71.32604618,3,0,0
42.64310644,-71.32604323,3,0,0
42.64310595,-71.32604158,3,0,0
42.64310531,-71.32604044,3,0,0
42.6430951,-71.32603658,3,0.24698177,94.80000305
42.64309554,-71.32603467,3,0,0
42.64310112,-71.32602828,4,0,0
42.64310176,-71.32602642,4,0,0
42.64310259,-71.32602903,3,0,0
42.64311186,-71.3259812,4,2.8725073,78.80000305
42.64312035,-71.32593274,5,3.9215431,80.59999847
42.64313745,-71.3258166,3,5.4617944,83.80000305
42.64317156,-71.32555687,3,7.931822,84
42.64320253,-71.32535632,3,8.967229,79
42.64323479,-71.32523824,3,10.171808,75.5
42.64326449,-71.32511513,3,10.372126,76.40000153
42.64328113,-71.32498961,3,10.610042,76.40000153
42.64332063,-71.32473191,3,10.842882,74.5
42.64336981,-71.32447802,3,10.500119,74.30000305
42.64341412,-71.32422105,3,9.998409,77.80000305
42.64345974,-71.32398008,3,10.224113,76.69999695
42.64349873,-71.32372317,3,11.17,76.19999695
42.64351628,-71.32358623,3,11.678703,75.59999847
42.6435927,-71.32318961,3,11.281955,78.09999847
42.64364081,-71.32292492,3,11.450982,77
42.64370353,-71.32263815,3,11.690068,77.30000305
42.64372807,-71.32250013,3,11.650038,77.40000153
42.64376907,-71.32223198,4,11.130544,78.30000305
42.64379623,-71.32198751,3,10.163325,76.69999695
42.64385287,-71.3217471,3,10.240396,76.59999847
42.64389947,-71.32151852,3,9.341205,79.09999847
42.64396723,-71.32131268,4,8.500288,76.5
42.6439683,-71.32104186,4,7.000871,84.69999695
42.64399099,-71.32090771,4,5.6605654,82
42.64398916,-71.32085391,4,4.1922307,83.69999695
42.64402277,-71.32075267,5,2.0861447,76.59999847
42.644019,-71.32074573,4,1.17,80.59999847
42.64402695,-71.32074099,5,0.617171,79.5
42.64403874,-71.32075458,5,0,0
42.64404035,-71.32075744,5,0,0
42.6440494,-71.32076303,6,0,0
42.64404997,-71.32076553,6,0,0
42.64405336,-71.32076642,6,0,0
42.64405516,-71.32077226,6,0.7180529,78.09999847
42.6440638,-71.32076871,7,0.3383785,78.09999847
42.64404619,-71.32076854,6,0.6229767,78.09999847
42.64404768,-71.32077171,6,0,0
42.64404556,-71.3207876,6,0,0
42.64405001,-71.32079481,6,0,0
42.64405084,-71.32079402,6,0,0
42.64403466,-71.32069356,6,3.8042607,77.90000153
42.64403063,-71.32049076,4,6.4956136,74.90000153
42.64401477,-71.32040917,4,6.04795,80.09999847
42.64405705,-71.32026632,3,5.891027,75.40000153
42.64404719,-71.32012188,3,4.992284,81.90000153
42.64406217,-71.32000191,3,5.130039,77.5
42.64406998,-71.31985073,3,5.808821,84
42.6440983,-71.3197197,3,5.7404265,75.80000305
42.64411877,-71.31950337,4,5.670079,82
42.64412569,-71.31943779,4,5.520326,82.40000153
42.64414227,-71.31923281,3,5.880136,76.80000305
42.64416983,-71.31908514,3,6.36,75.90000153
42.64420149,-71.31894423,3,5.940539,76.19999695
42.6442269,-71.31883478,3,4.493217,79.5
42.64426711,-71.31876511,3,3.8816104,47.59999847
42.64428327,-71.31874468,3,3.6839247,29.10000038
42.64442602,-71.31873303,3,5.2503805,356.7000122
42.64445604,-71.31873629,3,4.8312836,0.200000003
42.64459899,-71.31876587,4,4.3660626,346.7000122
42.64468865,-71.31881495,5,4.9234543,340.3999939
42.64475704,-71.31884177,5,4.131743,348.6000061
42.64477324,-71.31884703,5,3.3328965,353
42.64482622,-71.31886591,4,2.5416923,350.7000122
42.64484844,-71.31887083,5,2.509223,350.7000122
42.64490612,-71.3188708,5,1.4605479,352.8999939
42.64491492,-71.31887418,5,1.1301769,352.5
42.64492713,-71.31887138,4,0.71007043,352.6000061
42.64493145,-71.3188753,4,0.828734,352.5
42.64494862,-71.31888411,4,1.8801064,357.8999939
42.64501065,-71.31889353,4,3.1415923,351.1000061
42.64509685,-71.31894144,4,5.053573,342.2999878
42.64515239,-71.31898776,4,5.3018203,352.1000061
42.64523202,-71.31900305,5,4.5298233,348.1000061
42.64527096,-71.31901441,6,4.4653554,348
42.6453135,-71.3190514,6,4.423087,0.699999988
42.6455006,-71.31910935,5,7.0942864,348.1000061
42.64557464,-71.31910286,5,7.060708,353.6000061
42.64580045,-71.31911365,5,7.5704226,349.3999939
42.64587503,-71.31915496,5,6.9203544,344.7000122
42.64606897,-71.319184,5,7.8212533,349
42.64622928,-71.3192475,5,9.121404,346.3999939
42.64638943,-71.31930214,5,8.790142,346
42.64654401,-71.31933398,4,8.650578,343.8999939
42.64669842,-71.3193816,4,7.8254013,349.6000061
42.64682969,-71.3193921,5,7.073005,348.2000122
42.64690235,-71.3194075,5,8.090908,348.2000122
42.64704391,-71.3194523,5,7.5605354,345.7000122
42.64720604,-71.319509,6,8.390149,350.2000122
42.64736123,-71.31959758,6,6.960259,343.7999878
42.64742136,-71.31962135,9,6.960115,343.7000122
42.6475244,-71.31963384,6,5.9502096,346.7999878
42.64761035,-71.31964993,5,4.780094,348.5
42.64764507,-71.31965722,4,4.060012,348.7999878
42.64771592,-71.31967971,3,2.2571886,349.5
42.64777499,-71.31972488,3,3.5614042,324.8999939
42.6478066,-71.31976622,3,4.5307064,315.1000061
42.64786562,-71.31987558,3,5.874121,304.5
42.64792697,-71.32004636,3,7.50006,295
42.64794444,-71.32024094,3,7.6966553,290.5
42.64800105,-71.32046124,3,9.760512,292.1000061
42.64804765,-71.32057533,3,10.14284,301.5
42.64813853,-71.32079609,3,10.091115,300.3999939
42.64818852,-71.32088731,3,10.190397,304.1000061
42.64833705,-71.32120294,3,9.912225,305.3999939
42.64838874,-71.32130161,3,9.920322,305.3999939
42.64846115,-71.32147848,4,8.121779,302.8999939
42.64854124,-71.32159683,4,6.010533,306.1000061
42.64860132,-71.3217259,4,6.3402843,304.5
42.64872015,-71.32197,3,8.431163,304.7999878
42.64877394,-71.32205644,3,9.010555,308.1000061
42.64893054,-71.32234133,3,9.3403425,306.3999939
42.64901855,-71.32251728,4,8.560584,304.8999939
42.64911908,-71.32267014,4,8.357422,307.7000122
42.64914498,-71.32277384,4,8.210219,308.3999939
42.64924199,-71.32292417,3,8.090223,305.5
42.64935534,-71.32315339,3,7.270062,305.6000061
42.64938752,-71.32321905,3,6.650271,306.1000061
42.64944056,-71.32333458,3,4.5503955,307.1000061
42.64946721,-71.32337545,3,1.8133394,304.7999878
42.64943801,-71.32350153,3,3.2800002,211.1999969
42.64936048,-71.3234748,3,2.8146048,151
42.64932315,-71.32343839,3,1.9022355,145.6999969
42.64931132,-71.32342274,3,1.443087,127.8000031
42.64931629,-71.32339502,3,0.4809366,103.5999985
42.64931786,-71.32337581,3,0,0
42.64931895,-71.32338152,3,0,0
42.64931904,-71.32338224,3,0,0
42.64932009,-71.32338159,4,0,0
42.64932381,-71.32338561,4,0,0
42.64932843,-71.32338474,4,0,0
42.64932857,-71.32338621,3,0,0
42.64933354,-71.3233889,3,0,0
42.64933298,-71.32339124,3,0.52201533,103
42.64933451,-71.32340028,3,0,0
42.64934479,-71.32340238,3,0,0
42.64934855,-71.32340842,3,0,0
42.64935019,-71.32341907,3,0,0
42.64935566,-71.32341817,3,0,0
42.64936016,-71.32341937,3,0,0
42.64935996,-71.32341645,4,0,0
42.64936447,-71.32340556,4,0,0
42.64936397,-71.32340139,4,0,0
42.64936108,-71.323391,5,0,0
42.64935971,-71.32338755,5,0,0
42.64935199,-71.32336806,6,0,0
42.64934608,-71.32336529,5,0,0
42.64932472,-71.32338457,5,0.54644305,103
42.64930559,-71.32340335,5,0.5903389,103
42.64929601,-71.32341399,5,0.5980803,103
42.64928543,-71.32343665,5,0,0
42.64928284,-71.32344259,5,0,0
42.64927673,-71.32344749,5,0,0
42.64927338,-71.3234527,5,0.4767599,103
42.64928052,-71.32346077,5,0.35846898,103
42.64928796,-71.32346101,5,0,0
42.64929051,-71.32346336,5,0,0
42.64929161,-71.32346523,5,0,0
42.64929575,-71.32347496,5,0,0
42.64930144,-71.32348604,5,0.2433105,103
42.64930795,-71.32348874,5,0.75610846,103
42.6493267,-71.32350199,6,0.3342155,103
42.64932481,-71.32351587,5,0.19235384,103
42.64934128,-71.32352982,5,0.47759813,103
42.64935285,-71.32354329,5,0.23086792,103
42.64936155,-71.32354625,5,0,0
42.6493658,-71.32354554,5,0,0
42.64936869,-71.32354381,5,0,0
42.64936186,-71.32354028,4,0,0
42.64935982,-71.32354548,4,0,0
42.64935894,-71.32354992,4,0,0
42.64936416,-71.32355567,5,0,0
42.64937032,-71.32355764,5,0,0
42.64937447,-71.32356231,5,0,0
42.64937882,-71.32356853,5,0,0
42.64938125,-71.323569,5,0,0
42.64938168,-71.32356935,5,0,0
42.64938753,-71.3235866,5,1.506154,254.1000061
42.6493913,-71.32359034,5,0,0
42.64939309,-71.3235927,5,0,0
42.64938619,-71.32359448,6,0,0
42.64938711,-71.32359898,6,0,0
42.64938838,-71.32359555,6,0,0
42.64938586,-71.32358466,6,0,0
42.6493855,-71.32357475,5,0,0
42.64938363,-71.32356424,5,0,0
42.64938409,-71.3235614,5,0,0
42.64938463,-71.32355026,5,0,0
42.64938441,-71.32354688,5,0,0
42.64938486,-71.32354595,5,0,0
42.64938491,-71.32354473,5,0,0
42.64938581,-71.3235449,5,0,0
42.64938607,-71.32354495,4,0,0
42.64939126,-71.32354186,4,0.34,0
42.64939129,-71.32353692,4,0,0
42.64939191,-71.32353413,4,0,0
42.64939387,-71.32353148,5,0,0
42.64939616,-71.32352833,5,0,0
42.6493951,-71.32352201,5,0,0
42.64939765,-71.32352027,5,0,0
42.64939756,-71.32352058,5,0,0
42.64939806,-71.32352088,5,0,0
42.6493935,-71.32350864,5,0,0
42.64939647,-71.32350947,5,0,0
42.6493936,-71.32350501,5,0,0
42.64939398,-71.32350413,5,0,0
42.64939399,-71.32350318,5,0,0
