latitude,longitude,accuracy,speed,bearing,kf_latitude,kf_longitude,kf_speed_lat,kf_speed_long,kf_covariance_lat,kf_covariance_long,kf_speed_total
42.64938708,-71.32331646,5,0,0,-3.32341726001245e-15,0,0,0,0,0,0
42.64939088,-71.32331721,5,0,0,-3.32341726001245e-15,-71.3233164678528,0,0.0113533478799581,0,1.38258134277008,0.0113533478799581
42.64939399,-71.32331346,5,0,0,42.649387832925,-71.3233168059954,0.486997351825702,0.104941714756342,1.38258134277008,1.99571401015634,0.498175856682405
42.64939463,-71.32331602,6,0,0,42.6493925347892,-71.3233148631256,0.471601766300638,0.136134218221274,1.99571401015634,2.2341249560946,0.49085715982208
42.64940702,-71.3233065,5,0,0,42.6493955661882,-71.3233146925874,0.381712455881013,0.120540921865228,2.41388930033197,2.39679233064451,0.400293033687615
42.64940709,-71.32330757,5,0,0,42.6494026216505,-71.323310519864,0.229622080962024,0.17931793167895,2.30897299436146,2.20890756557733,0.291343818686697
42.64932753,-71.32331226,4,0.02,0,42.6494053934931,-71.3233085863184,0.66467616375931,0.514109625559128,2.16167921217051,2.05686394998512,0.840299416733309
42.649332,-71.32331637,4,0,0,42.6493724321944,-71.3233078374475,-0.358421349066102,0.412994714856951,1.84465870937506,1.77501355530866,0.546836811092797
42.64932695,-71.32332345,3,0,0,42.6493537570201,-71.323309266728,-0.746685084585043,0.279448432196785,1.67538737993067,1.63095829287485,0.797264097899193
42.64932274,-71.32331618,3,0,0,42.6493378997223,-71.3233145235583,-0.973045551629225,0.0733780163767833,1.40025192932958,1.38032497357477,0.975808371983359
42.64931631,-71.32330615,3,0,0,42.6493267088056,-71.3233148680446,-1.02830286763839,0.0448718894470015,1.28020769793728,1.2720079914674,1.02928143578706
42.64931098,-71.32330184,3,0,0,42.6493172996173,-71.3233110740517,-1.01694995742333,0.14470652062948,1.23081504165766,1.22856195337453,1.02719384393404
42.64930915,-71.32330631,3,0,0,42.6493096083491,-71.3233066040214,-0.957913099059456,0.229843346143706,1.21419167256831,1.21449235531029,0.985101755716752
42.64930513,-71.32330536,3,0,0,42.6493045808258,-71.3233053257117,-0.838173527780795,0.208642429317197,1.21072833483786,1.21170255958293,0.863751426038698
42.64930388,-71.32330917,3,0,0,42.6493005664942,-71.3233042856062,-0.721259169364837,0.18047439615781,1.21098344431147,1.21180859571562,0.743495660418661
42.6493017,-71.32331311,3,0,0,42.6492982613197,-71.3233053472799,-0.591845674947099,0.0995204602159988,1.21132709971671,1.21179695230794,0.600154667527622
42.64930267,-71.32331339,3,0,0,42.6492966571434,-71.3233079783976,-0.471263631971723,-0.00569779766391298,1.21096374708435,1.21114065940827,0.471298075232012
42.64930019,-71.32331303,3,0,0,42.6492966992623,-71.3233101909699,-0.339052818569928,-0.066713359456743,1.21012592800487,1.2101360455381,0.345553883077903
42.64929986,-71.32331291,3,0,0,42.6492963902676,-71.3233116726236,-0.253396362425309,-0.0928732988322474,1.209201850205,1.20914729920121,0.269879910564611
42.64929976,-71.32331266,3,0,0,42.6492965055569,-71.3233126416139,-0.1818910665287,-0.094610036609877,1.20843808584655,1.20837705779342,0.205025410889164
42.64929971,-71.32331246,3,0,0,42.6492968940799,-71.3233131274129,-0.117902860243702,-0.0855834352609186,1.20791445801343,1.20786997459791,0.145690112377971
42.64929966,-71.32331228,3,0,0,42.6492974294548,-71.323313294587,-0.0663632678128442,-0.0588197068946926,1.20760676173502,1.20758176700113,0.0886783019344464
42.64929971,-71.32331221,3,0,0,42.6492979956638,-71.3233131796282,-0.0476526513906884,-0.0553428579354537,1.20745151711459,1.20744089385877,0.0730315487240021
42.64929283,-71.3233059,3,0.5115662,151,42.649298446871,-71.3233130677495,-0.0305454315454681,-0.0438621747071226,1.20738609906694,1.20738354769429,0.0534501053164259
42.64930006,-71.32331484,3,0.48600408,0,42.6492960888509,-71.3233105524633,-0.0224297152622877,0.0719088945267814,1.2073650013388,1.2073658321956,0.075325833807606
42.64930987,-71.32330774,4,0.41617304,96.30000305,42.6492975762243,-71.3233117592748,0.0179033419955779,0.00386188892809983,1.20736133892912,1.20736291841382,0.0183151260084009
42.64930732,-71.32329636,4,0.43,141.5,42.6493019471511,-71.3233104018071,0.137821760188729,0.0348015108765762,1.3424285781685,1.34243010702191,0.142147749686064
42.64930732,-71.32328741,4,0.30610457,111.6999969,42.6493047158567,-71.3233053058821,0.173054211535894,0.1638302188019,1.43164725726076,1.43164822114544,0.238302540320049
42.64930651,-71.32328157,4,0,0,42.6493067007295,-71.3232978536861,0.184884982777091,0.328000997180159,1.48045056258025,1.48045098361451,0.376519735216713
42.6493064,-71.32327807,4,0,0,42.6493075994763,-71.3232900134305,0.164320283699776,0.462619438615839,1.50278339484794,1.50278347551719,0.490935739807573
42.64931049,-71.32328154,4,0,0,42.6493080064918,-71.3232830768755,0.134002357338134,0.527333402689618,1.51104000074145,1.51103992826733,0.544092960223147
42.6493104,-71.32328148,4,0,0,42.6493096483126,-71.3232797351085,0.14118866099712,0.480107854937949,1.51320371660959,1.51320360802452,0.500437598874504
42.64932481,-71.32330013,4,0,0,42.6493106734798,-71.3232778816651,0.126970533418826,0.402827233054517,1.51343484518292,1.51343475481738,0.422363937910209
42.6493479,-71.32331691,4,0.5745433,203.1999969,42.6493167022914,-71.3232841785007,0.212648044883238,0.0860962136071401,1.51345881852032,1.5134587611705,0.229416104469913
42.64934735,-71.32330831,4,0.5124451,120,42.64932953829,-71.3232963045117,0.512359934146009,-0.273902879196769,1.51374105330743,1.51374102475293,0.580978045497747
42.64934479,-71.32329553,4,0.7,113.3000031,42.649339112091,-71.3233023693566,0.671354864033364,-0.385679184572764,1.51423756251873,1.51423755275152,0.774251759361236
42.6493474,-71.32328691,4,1.112115,122.5,42.6493449803541,-71.3233018945402,0.734742185936939,-0.278148632694425,1.51478599600733,1.51478599584161,0.785628882911754
42.64935921,-71.32329429,4,0.7919596,104.3000031,42.6493500735474,-71.3232978864136,0.698489581736877,-0.104032214758042,1.51526238969546,1.51526239296564,0.706194305770317
42.6493667,-71.32329579,4,1.0610372,126.6999969,42.6493574595865,-71.3232971471378,0.735866003744686,-0.0310214546919839,1.51561377169976,1.5156137751708,0.736519589772317
42.64934999,-71.3232978,4,0.4669047,141.3999939,42.6493651272086,-71.3232970076282,0.722360990245331,-0.0719128508972474,1.51584077551445,1.51584077797577,0.725931717417268
42.64935839,-71.32330348,4,0.76026314,129.8999939,42.6493632527827,-71.3232977971716,0.537510205065626,-0.131942553800218,1.51597041520522,1.51597041653664,0.553467305315332
42.64934669,-71.32329081,4,1.1524756,65.40000153,42.6493644399778,-71.323300820196,0.402233697974741,-0.173302119196699,1.51603540015493,1.51603540066231,0.437978963312739
42.64933982,-71.32328339,4,0.77929455,49.29999924,42.6493601715863,-71.3232977570074,0.250470199619885,-0.0453822432787193,1.51606320862129,1.51606320866924,0.254548362600576
42.64934673,-71.3232778,4,0.46238512,55.5,42.6493540035059,-71.3232923875409,-0.0496692593909509,0.183639863450761,1.51607268023443,1.51607268009683,0.190238363051882
42.64934843,-71.32327686,4,0.49193496,34.40000153,42.649351132403,-71.3232858070973,-0.135820759756008,0.326535977803192,1.51607477066888,1.51607477050284,0.353656646453288
42.64934625,-71.32326933,4,0.98979795,34.59999847,42.6493495040838,-71.3232806049088,-0.159222433082446,0.511900001333459,1.51607483260393,1.51607483247609,0.536090845437497
42.6493589,-71.32325532,4,1.4091132,29.5,42.6493476042169,-71.3232733355146,-0.0547645378385291,0.504219794941731,1.51607490959312,1.51607490951677,0.507185130120895
42.64936229,-71.3232673,4,0.86209047,29.5,42.6493518518396,-71.3232634308341,0.0751675152844882,0.657284530767797,1.51607543165491,1.51607543161973,0.661568673488011
42.64937353,-71.32326262,4,1.0575916,41.40000153,42.6493563868484,-71.3232612168694,0.0858698145748483,0.627258557674551,1.51607623603343,1.51607623602347,0.633108934726937
42.64936371,-71.32324863,4,1.1851159,41.79999924,42.6493635967603,-71.3232581722381,0.233486170562654,0.516880131571152,1.51607706756154,1.51607706756355,0.567169165467433
42.64935195,-71.32324082,5,1.5231874,41.79999924,42.6493651814816,-71.3232515529151,0.113105503533522,0.622123842430041,1.51607775874387,1.51607775874949,0.632321856533119
42.64934211,-71.32323554,5,1.4866068,41.79999924,42.6493619084114,-71.3232441415447,-0.0868605687286474,0.867641222566743,1.64042920285398,1.64042920286004,0.871978239118946
42.6493246,-71.32317997,5,3.9698868,116.9000015,42.6493549568524,-71.3232359230069,-0.103606735672371,0.7661974733634,1.7226885974911,1.72268859749552,0.773170695167078
42.64931523,-71.32311447,5,4.3733053,118.4000015,42.6493450411763,-71.3232127046629,-0.158530660150482,1.14505512496443,1.76916268590969,1.76916268591217,1.15597716647651
42.64929408,-71.32307119,5,4.330185,121.1999969,42.6493350295588,-71.3231722160296,-0.225069194595541,1.92446482399606,1.7917134592891,1.79171345929013,1.93758122440172
42.64927685,-71.32302414,5,4.390262,125.8000031,42.6493205946708,-71.3231264199072,-0.54446349016231,2.55090373131014,1.80086512693802,1.80086512693821,2.60836161958647
42.64925633,-71.32297419,4,4.5118732,126.3000031,42.6493033202437,-71.3230769377972,-0.753472062463722,3.20299744367767,1.80370653253679,1.8037065325366,3.29042744535099
42.6492237,-71.32290937,4,4.862304,130.3999939,42.6492815094439,-71.3230197311415,-1.02297065716747,3.90893591661135,1.65491571886156,1.65491571886134,4.04057532606433
42.64920699,-71.3228549,4,4.975309,128.6000061,42.6492548098216,-71.3229574387375,-1.33225790972816,4.4720456005403,1.57698757361317,1.57698757361299,4.66627292293808
42.64919247,-71.32280365,4,3.7701194,125.8000031,42.6492309237225,-71.3228959002104,-1.66233315198797,4.8325024462946,1.53937126130203,1.53937126130192,5.11042379863368
42.64918578,-71.32273992,5,3.7597075,124,42.6492087303012,-71.322836362864,-1.86175101832513,5.15032127560591,1.52367517018029,1.52367517018024,5.47648848224787
42.649146,-71.3226839,5,5.593943,130.1000061,42.6491918941672,-71.3227764067099,-1.83302644663224,5.47907620116231,1.64337673502745,1.64337673502744,5.77756540181039
42.64911024,-71.32262243,5,5.455731,121.4000015,42.649167713678,-71.3227158985848,-1.92267859541263,5.71247621198359,1.72474651324676,1.72474651324677,6.02736073698399
42.64907894,-71.32254828,5,5.392309,119.1999969,42.6491389215521,-71.322653134425,-2.28283760806456,5.99919824521213,1.77142665913662,1.77142665913664,6.41885715140556
42.64905036,-71.32248342,4,5.491812,127.5,42.649107047507,-71.3225843839506,-2.39728471765191,6.14741107396865,1.79411592055403,1.79411592055405,6.59830561052152
42.64899956,-71.32243489,4,5.9600334,134.3999939,42.6490734283485,-71.3225137377891,-2.48196416616419,6.40324698335756,1.65396617946834,1.65396617946835,6.86743897330008
42.64896594,-71.32237008,4,5.720218,130.5,42.6490331915732,-71.3224515156016,-2.85954315909696,6.2428684481852,1.57806056075489,1.5780605607549,6.8666144161504
42.64893252,-71.32229984,4,6.2800083,125.4000015,42.6489940447005,-71.3223892151545,-3.1035309838313,6.3738465686658,1.54017595457779,1.54017595457779,7.08927532604663
42.64890527,-71.32223116,4,6.273412,126.9000015,42.6489562545485,-71.3223232671627,-3.22993725725019,6.50096261460992,1.52373859430318,1.52373859430318,7.25913284093415
42.6488741,-71.32216132,4,5.7007103,126.5999985,42.6489217977546,-71.3222557294831,-3.14888701472491,6.65502030748232,1.51812367523944,1.51812367523944,7.36238987859955
42.64885125,-71.32210668,4,5.280947,121.8000031,42.6488889186281,-71.3221863588437,-3.2063506944444,6.69935292337943,1.51705725783501,1.51705725783501,7.42711346134934
42.64881881,-71.32204508,4,4.9026117,121.4000015,42.6488594856067,-71.3221221815567,-3.07145344793847,6.76701667247489,1.51732937059068,1.51732937059068,7.4314427218681
42.64879516,-71.32202035,4,3.539901,126.5999985,42.6488295524991,-71.3220584797374,-3.12771719606405,6.61350101970644,1.51762456785351,1.51762456785351,7.31580553296853
42.64878624,-71.32199439,4,3.2156181,129.6999969,42.6488012190535,-71.3220102118338,-3.12595605778652,6.10503547794569,1.51761048869849,1.51761048869849,6.85879431548927
42.64875557,-71.32195665,3,3.6259756,130,42.6487801486701,-71.3219730388303,-2.99828460430804,5.42883213365095,1.51735114605491,1.51735114605491,6.20176820784135
42.64872727,-71.3219089,3,4.270047,126.9000015,42.6487560756038,-71.3219412290947,-2.76943315560185,4.78570413291203,1.34674731298352,1.34674731298352,5.5292607146994
42.64870429,-71.32186567,3,5.0543647,124.6999969,42.6487314138162,-71.3219049415056,-2.65307515901221,4.43660276350843,1.26480996688338,1.26480996688338,5.16935700842361
42.64867172,-71.32180341,4,5.5612946,124.9000015,42.6487082977047,-71.3218675580726,-2.55405547011215,4.36714547879274,1.228283841506,1.228283841506,5.05916583809521
42.64863314,-71.32173125,5,6.880727,125.9000015,42.6486831484451,-71.3218224710916,-2.49717658939254,4.49037189611027,1.35114214460274,1.35114214460274,5.13802789832705
42.64859423,-71.32165627,5,7.2050605,129,42.6486552629377,-71.3217696463632,-2.51556548861265,4.75167843734551,1.54705732277927,1.54705732277927,5.37647818738561
42.64855486,-71.32159247,5,7.3878956,133.1000061,42.648623021989,-71.3217069153608,-2.67811144569126,5.11737108821722,1.6794042292286,1.6794042292286,5.77579152757992
42.64851237,-71.32152764,5,7.7600064,132,42.6485867910485,-71.3216410590997,-2.9131567320378,5.51080163804961,1.75309035513697,1.75309035513697,6.23341133243647
42.64847834,-71.32143279,5,7.9972305,125.8000031,42.6485468308728,-71.321573111524,-2.99793106132636,6.05102011159914,1.78725338400413,1.78725338400413,6.75295750315687
42.64843345,-71.3213393,4,7.814173,127.1999969,42.6485087210864,-71.321492088352,-3.05782187855867,6.53138535141977,1.79987401965878,1.79987401965878,7.21174522911984
42.64839623,-71.32125203,4,7.421139,130,42.6484649036206,-71.3213986205557,-3.36197094500646,7.26542450592377,1.65383315991427,1.65383315991427,8.00557567488718
42.64837429,-71.32117221,4,6.671469,125.3000031,42.6484228294867,-71.3213056008406,-3.76374092990154,7.91659652557114,1.57586297820346,1.57586297820346,8.76574277149981
42.64834681,-71.32111132,3,5.702534,125.5,42.6483865887614,-71.3212146271617,-3.65885966648768,8.14290700880085,1.53776973446317,1.53776973446317,8.92716016508208
42.64832626,-71.32105212,4,5.7563357,125.5,42.6483532244126,-71.3211314474918,-3.59067785814839,8.15166310087168,1.35060140138877,1.35060140138877,8.90744513264663
42.64830692,-71.32098811,4,5.9428105,123.5999985,42.6483256138744,-71.3210599630523,-3.24083263806272,8.00736263040628,1.41395809569319,1.41395809569319,8.63833621033354
42.64826167,-71.32093222,3,5.8427734,127.9000015,42.6483032064489,-71.3209920383826,-2.94423451037303,7.77118244929335,1.46303940397047,1.46303940397047,8.31022223001747
42.64823013,-71.32088132,3,5.313577,122.5,42.6482724947106,-71.3209302394631,-2.99097432345124,7.33851503092848,1.32830822900673,1.32830822900673,7.92462808355747
42.64820501,-71.32083766,4,5.1606197,123.1999969,42.6482414436148,-71.3208745156551,-3.13345014049115,6.73120959846989,1.26030355988352,1.26030355988352,7.42480251868541
42.64818773,-71.32078116,4,5.0119557,119.5,42.6482129994172,-71.3208253244832,-3.09337035358325,6.21548425033921,1.36848132858479,1.36848132858479,6.94270729691542
42.64815606,-71.32072969,4,5.9044814,122,42.6481887470903,-71.3207767730981,-2.8576270423692,5.93792712299276,1.44328252751167,1.44328252751167,6.58976561277052
42.64812925,-71.32066338,4,6.633325,117,42.6481632977577,-71.3207289857034,-2.75865553960166,5.63252036923328,1.48586896158141,1.48586896158141,6.27179927102285
42.64809979,-71.32057478,4,7.5909486,122,42.6481381377029,-71.3206758282725,-2.64174053726029,5.59889173532458,1.50600930650924,1.50600930650924,6.19083045560853
42.6480627,-71.32049091,4,8.222657,119.6999969,42.6481121346696,-71.3206097557255,-2.60806979771587,5.90597543391146,1.51355470664758,1.51355470664758,6.45620429476355
42.64804254,-71.32038745,4,9.193677,113.0999985,42.6480823232628,-71.3205353240184,-2.61937235981099,6.37255585977171,1.51534560575706,1.51534560575706,6.88988967584043
42.64800281,-71.32027374,4,9.60013,114.4000015,42.6480565501679,-71.32044728178,-2.42682334280414,7.08270175056403,1.51518558216757,1.51518558216757,7.48693098837046
42.64797403,-71.32015156,4,10.107146,110.0999985,42.6480266132707,-71.3203459218148,-2.42981698202304,7.907865622157,1.5147753161248,1.5147753161248,8.27274738307777
42.64794468,-71.32002811,4,10.361394,107.8000031,42.6479973999963,-71.3202322774772,-2.49244143253018,9.11848675433044,1.51464483475478,1.51464483475478,9.45299238249417
42.64790773,-71.31990994,3,10.002645,105.0999985,42.6479678877711,-71.3201084402096,-2.37690713805114,10.1872968461935,1.51480426344887,1.51480426344887,10.4609131807593
42.6478779,-71.31979226,3,9.343083,107.8000031,42.6479329582695,-71.3199729887084,-2.60835462762325,11.2915541331818,1.34525929946591,1.34525929946591,11.5889045472822
42.64784313,-71.31968816,3,7.943331,112.1999969,42.6478996949502,-71.3198424284891,-2.67351026061082,11.9662984313735,1.26394854936435,1.26394854936435,12.2613194747663
42.64780579,-71.31961497,3,7.290247,114.9000015,42.6478653734102,-71.3197202606919,-2.74786798758408,12.1107472763627,1.22782210608582,1.22782210608582,12.4185739144684
42.64779621,-71.31954303,4,5.8031116,105,42.6478294025369,-71.3196174205558,-2.90998617628323,11.5826571026775,1.21418586740741,1.21418586740741,11.9426113184833
42.64779058,-71.31948046,4,4.8112574,99.19999695,42.6478038213176,-71.3195277154729,-2.8999412955769,10.8630618044289,1.34611791205639,1.34611791205639,11.2434768325743
42.64780142,-71.31943709,4,4.2242746,83.09999847,42.647785122552,-71.3194522778837,-2.69133196478354,10.0517478098724,1.43490894004635,1.43490894004635,10.405810962051
42.64781756,-71.31938431,3,4.2669077,76.40000153,42.6477784589257,-71.3193932181827,-2.17010787554322,8.98609606431815,1.48369542965177,1.48369542965177,9.24441943383406
42.64784991,-71.31934477,4,4.173356,56.40000153,42.6477871314476,-71.3193470497897,-1.36593678936244,7.96643463904607,1.33784362524274,1.33784362524274,8.08268916702398
42.64790589,-71.31930558,4,6.655081,26.89999962,42.6478029330196,-71.3193018660603,-0.328907238099147,7.29526144701593,1.4111898477864,1.4111898477864,7.3026720829838
42.64794991,-71.31926105,4,7.19668,33.70000076,42.6478398142746,-71.3192620607926,0.947266117952798,6.53923833071092,1.4612798286264,1.4612798286264,6.60749203889497
42.64800618,-71.31920759,3,7.282225,34.40000153,42.6478872794173,-71.319225006561,2.0694770327641,5.9787583375018,1.49060523130215,1.49060523130215,6.32679116514726
42.64804386,-71.31917902,3,7.2358136,31.70000076,42.647951238287,-71.3191874187681,3.42918518600178,5.46812804630577,1.33765459629437,1.33765459629437,6.45443532547114
42.64811877,-71.31912551,3,7.890101,33.40000153,42.6480081882876,-71.319155179745,4.12343960183115,4.99585851454443,1.2616477868896,1.2616477868896,6.47775859748536
42.64817074,-71.31909017,3,7.731869,30.39999962,42.6480754011505,-71.3191160052884,4.97545602933376,4.84632538526832,1.22684045822305,1.22684045822305,6.94564845350884
42.64821856,-71.31904085,3,7.515617,33,42.6481402740559,-71.3190790239525,5.584710724535,4.61184850131396,1.21331026493501,1.21331026493501,7.24279921548347
42.64827379,-71.31899232,3,7.935219,31.70000076,42.6482013510604,-71.3190383882374,5.89327055714268,4.70825326752294,1.20941665802894,1.20941665802894,7.54309529906823
42.64833919,-71.31893534,3,7.743126,32.79999924,42.6482616682925,-71.3189938884079,6.03634113003338,4.7042919099838,1.20894905543301,1.20894905543301,7.65295868357276
42.64839196,-71.31887176,3,7.1613684,35.40000153,42.6483247590654,-71.3189444820813,6.24948659503759,4.94633634180513,1.20914629730801,1.20914629730801,7.97008945419163
42.64845436,-71.31880754,3,7.472951,33.09999847,42.6483847663619,-71.3188883880497,6.27087128419241,5.45997910659516,1.20912720082497,1.20912720082497,8.31475787424773
42.6485055,-71.31875695,3,7.3802443,34.59999847,42.6484457917925,-71.3188262661342,6.431703002522,5.92039525370722,1.20882519912602,1.20882519912602,8.74173229244464
42.64855797,-71.31869971,3,7.965281,31.70000076,42.6485036844067,-71.3187664612789,6.44876734739947,5.97636910103083,1.20840387437619,1.20840387437619,8.79224589809917
42.64862443,-71.3186501,3,8.041219,30.39999962,42.6485594568958,-71.3187072606359,6.47429957639445,6.24803225672123,1.20801097659701,1.20801097659701,8.99746976021205
42.64868916,-71.318597,3,8.101389,30,42.648619673767,-71.3186504339812,6.45500554629218,6.15262306442853,1.20771725295267,1.20771725295267,8.91750341606891
42.64874546,-71.3185333,4,7.530007,33.90000153,42.6486815847615,-71.3185956172636,6.55700927969908,6.20524884745848,1.20753099892346,1.20753099892346,9.02770646138568
42.64880064,-71.31848588,4,7.24,33.29999924,42.6487413949868,-71.318537638784,6.55519011241233,6.35748420879238,1.34251156279413,1.34251156279413,9.13170974543721
42.6488445,-71.31843577,5,6.700007,37.5,42.6487995595268,-71.3184824924831,6.41735708573675,6.23605635294144,1.43167709276808,1.43167709276808,8.94823283128669
42.64888626,-71.31839533,4,5.8900337,33.59999847,42.6488523483781,-71.3184298410795,6.05279012814526,6.3452145399896,1.59880450294371,1.59880450294371,8.76915137820462
42.64894656,-71.31835655,3,6.99,33.09999847,42.6488977020624,-71.3183821552056,5.719287348825,6.02990052047931,1.57092322492747,1.57092322492747,8.31083317515798
42.6490019,-71.31830805,3,7.6712775,32.09999847,42.648947313287,-71.3183410404335,5.77265281483962,5.64610701134344,1.36938147268899,1.36938147268899,8.07477831919969
42.64906696,-71.31825844,3,8.391723,31.29999924,42.648999816533,-71.3182975281569,5.86634843782622,5.38456487308464,1.27244343745675,1.27244343745675,7.96288784715967
42.64912412,-71.31821525,3,8.094844,33.70000076,42.649057990249,-71.3182523855702,6.07722243147276,5.30537900992876,1.22898743228618,1.22898743228618,8.06719771175768
42.64917372,-71.31817086,3,7.914272,33.29999924,42.6491167904174,-71.3182085052632,6.21106382476663,5.18377696951093,1.21269844007939,1.21269844007939,8.09004681722897
42.64922508,-71.31812842,4,7.4205456,33.90000153,42.6491725017339,-71.3181650591634,6.20162527394128,5.0976087523454,1.20854849242404,1.20854849242404,8.02781234399358
42.64928047,-71.31807494,4,6.511966,33.59999847,42.6492264604922,-71.3181219183001,6.22825083175407,4.94945579572297,1.34390452036231,1.34390452036231,7.95538943717157
42.64932355,-71.31802957,4,6.012404,36.79999924,42.6492807959061,-71.3180763420184,6.20122352563426,4.95528182101646,1.43403014400243,1.43403014400243,7.93788329093947
42.64934282,-71.31800578,5,3.895138,36.29999924,42.649330798193,-71.3180309983652,6.00280378679324,4.94001854091808,1.48314208447546,1.48314208447546,7.774151817874
42.64933583,-71.31800621,4,2.300978,32.90000153,42.6493697134515,-71.3179935616774,5.43903164457655,4.81382775472377,1.62767080200683,1.62767080200683,7.263332766909
42.64934388,-71.31799984,4,1.3756816,32.79999924,42.6493843902188,-71.3179734983102,4.25667226722009,4.23445857243361,1.58235209972989,1.58235209972989,6.00415674280553
42.6493373,-71.31800394,4,0.62,0,42.6493908915392,-71.317961488179,3.322803712888,3.50161255788161,1.54957062069172,1.54957062069172,4.82724714717368
42.64934219,-71.31800147,5,0.32,0,42.6493876608689,-71.3179593114274,2.40255661628558,2.69914093933891,1.52958528824352,1.52958528824352,3.61353567920298
42.64934093,-71.31800681,5,0,0,42.6493862841956,-71.3179577996665,1.73850714966548,2.04135276376232,1.64427692111439,1.64427692111439,2.68132956116141
42.64934006,-71.31801046,5,0,0,42.6493802199279,-71.3179634568136,1.13139554955274,1.36321378476609,1.72192295492085,1.72192295492085,1.77155516779017
42.64934177,-71.31801564,5,0,0,42.6493721545008,-71.3179726940206,0.611983010321293,0.773301195849168,1.76714564740625,1.76714564740625,0.98616324430779
42.64934566,-71.3180218,5,0,0,42.64936455375,-71.3179839135204,0.281109992545688,0.274897885880748,1.79001379071567,1.79001379071567,0.393181479180724
42.64934401,-71.31802242,5,0,0,42.6493592556756,-71.3179960864983,0.0757515604839012,-0.0959480034175592,1.7999070820421,1.7999070820421,0.122246956099373
42.64934557,-71.31801981,5,0,0,42.6493541640766,-71.318006099791,-0.080978521767618,-0.325601330540436,1.80338750478883,1.80338750478883,0.335520114802929
42.64933963,-71.31801947,5,0,0,42.6493506170203,-71.3180127811694,-0.118592881893985,-0.43463581624406,1.80427492583573,1.80427492583573,0.450524765576834
42.64933943,-71.3180189,4,0,0,42.6493460271795,-71.3180175235473,-0.231955087587101,-0.435321656799238,1.80443904345872,1.80443904345872,0.493262716547656
42.64934056,-71.31801893,4,0,0,42.6493421604937,-71.3180202280949,-0.275541824635167,-0.3944023928778,1.6552472978112,1.6552472978112,0.481120093771827
42.64933948,-71.3180184,4,0,0,42.6493401267582,-71.3180217244502,-0.257910044201405,-0.329471608088663,1.57757661820455,1.57757661820455,0.418412632979097
42.64933961,-71.31801755,3,0,0,42.6493385429697,-71.3180221456057,-0.233280891903516,-0.266595101778899,1.5401852977839,1.5401852977839,0.354249802850759
42.64933977,-71.3180168,3,0,0,42.649337946328,-71.3180213072226,-0.189806810867573,-0.168581728931329,1.35267008021401,1.35267008021401,0.253863003963151
42.64933943,-71.3180168,3,0,0,42.6493377875937,-71.3180202292477,-0.141456204268166,-0.0909032109264132,1.26659075046207,1.26659075046207,0.168146517902361
42.64933949,-71.31801665,3,0,0,42.6493377539632,-71.3180192777968,-0.105551066634627,-0.0397654662959169,1.2297255074498,1.2297255074498,0.112793262110106
42.64933951,-71.31801658,3,0,0,42.6493379240427,-71.3180184123927,-0.0651155993837658,-0.00510272034355811,1.21617886568367,1.21617886568367,0.0653152282244474
42.64933953,-71.31801651,3,0,0,42.6493382368417,-71.3180176973538,-0.0404117602993345,0.0162404642534031,1.21226219300808,1.21226219300808,0.0435529912825392
42.64933953,-71.31801659,3,0,0,42.6493385539638,-71.3180171366729,-0.0167077028639573,0.031207951090423,1.21137544584758,1.21137544584758,0.035398920128339
42.64933954,-71.31801641,3,0,0,42.6493388628701,-71.3180167574114,-0.000717070603167877,0.0307194681365979,1.21093060679407,1.21093060679407,0.0307278361237069
42.64933956,-71.31801636,3,0,0,42.6493391326158,-71.3180164626755,0.00677567955401311,0.0335601142751064,1.21027819831954,1.21027819831954,0.0342372765210212
42.64933961,-71.31801625,3,0,0,42.6493393393337,-71.318016250599,0.0105518765320662,0.0274156385791411,1.20948231842971,1.20948231842971,0.0293761695435273
42.6493396,-71.31801637,3,0,0,42.6493395032667,-71.3180161106841,0.0073286146087429,0.0208101150077792,1.20873550152878,1.20873550152878,0.0220628529143553
42.64933966,-71.31801646,3,0,0,42.6493395800403,-71.3180161093954,0.00508712031613275,0.0138921968233096,1.20815723792138,1.20815723792138,0.0147943207241287
42.64933973,-71.3180166,3,0,0,42.6493396363174,-71.3180161815769,0.0112631494863881,0.0128324475059675,1.20777257275002,1.20777257275002,0.0170742568021608
42.64933977,-71.31801675,3,0,0,42.6493397318995,-71.3180162845915,0.00810193750391293,0.00482408770476859,1.20754903563087,1.20754903563087,0.00942938033492182
42.64933978,-71.3180167,3,0,0,42.6493397870134,-71.3180164480666,0.0119525166226241,0.000758292473127623,1.20743557972618,1.20743557972618,0.0119765462921874
42.64933983,-71.31801676,3,0,0,42.6493398452357,-71.3180165458289,0.00864511457450529,-0.00160317665389465,1.20738615313752,1.20738615313752,0.00879250711628468
42.64933986,-71.31801678,3,0,0,42.6493398824194,-71.3180166401433,0.00905894303832188,-0.00395938731330585,1.20736843469318,1.20736843469318,0.00988641476311447
42.64933989,-71.31801685,3,0,0,42.6493399324678,-71.3180167263504,-0.0383656792248936,0.0293143726278457,1.20736360550086,1.20736360550086,0.0482831004074057
42.6493399,-71.31801687,3,0,0,42.6493397790594,-71.3180166675181,-0.236764495016424,0.163546164333723,1.20736257124762,1.20736257124762,0.28775818662317
42.64935302,-71.31800427,3,1.4616772,33.79999924,42.6493386106717,-71.3180159144001,-0.144155983028834,0.119401914203075,1.20736190567348,1.20736190567348,0.187183772155516
42.64937267,-71.3179905,3,2.4912848,32.09999847,42.6493439215469,-71.3180102126988,0.089091328987492,0.137586570881603,1.20736085918973,1.20736085918973,0.163912566289824
42.64940077,-71.31797476,3,3.2301395,23.89999962,42.6493563463287,-71.3180009302593,0.458444424263452,0.385547504869343,1.20735961352604,1.20735961352604,0.59901433092141
42.64943385,-71.31796357,3,3.7304826,18.20000076,42.6493769275721,-71.3179875325366,1.03264691327226,0.691846846456458,1.20735847438648,1.20735847438648,1.24298499847845
42.64946994,-71.3179606,3,3.8712916,7.300000191,42.6494054365777,-71.317973301569,1.56633993464389,0.985454671900398,1.20735761193819,1.20735761193819,1.85055172887184
42.64950756,-71.31796836,3,4.180299,354.6000061,42.6494394987514,-71.3179620210479,2.09111206951577,1.10308843140669,1.20735705025904,1.20735705025904,2.36422371504428
42.64954774,-71.31798472,3,4.780377,343.7999878,42.649477383316,-71.3179576718408,2.56040996076933,0.857344395281645,1.20735673102574,1.20735673102574,2.70013677048546
42.64958892,-71.31801871,3,5.480146,330.6000061,42.649518271339,-71.3179627993471,3.01028386901839,0.505934617790847,1.20735657318968,1.20735657318968,3.05250369525599
42.64963276,-71.31807339,3,6.3000083,318.6000061,42.6495611394115,-71.3179812959411,3.37878740281305,-0.0382880696957599,1.20735650683196,1.20735650683196,3.37900433407374
42.64967332,-71.31813879,3,7.010114,306.7000122,42.6496057994862,-71.3180171513761,3.72632539421375,-0.859802084930155,1.2073564843803,1.2073564843803,3.82423333085372
42.6497135,-71.31822113,3,7.820102,304.1000061,42.6496501299473,-71.3180691937504,3.92870934824369,-2.04561359087595,1.20735647894043,1.20735647894043,4.42936700964751
42.64975924,-71.31831321,3,8.680369,303.6000061,42.6496935193198,-71.3181393598868,4.15529607541384,-3.49933424301178,1.20735647798127,1.20735647798127,5.43247877296032
42.64979681,-71.31841005,3,9.110352,303.8999939,42.6497388110614,-71.3182255767169,4.22544790416476,-5.03844118906147,1.20735647707342,1.20735647707342,6.57573567035975
42.64984374,-71.31850627,3,9.42026,303.5,42.6497812138272,-71.3183237866036,4.3097776720831,-6.48503643501184,1.20735647545773,1.20735647545773,7.78651919320931
42.64988672,-71.31860187,3,9.360192,302.7000122,42.6498257612788,-71.3184285155078,4.48137104915921,-7.6276663754619,1.20735647355028,1.20735647355028,8.84669321360215
42.64993477,-71.31868994,3,8.830006,305.5,42.6498705765125,-71.3185353897291,4.48717083374027,-8.56722136209001,1.20735647184049,1.20735647184049,9.67119351260333
42.64997852,-71.31876565,3,7.940057,308.5,42.6499169511861,-71.318639418187,4.48601827095849,-9.21953783224774,1.20735647057221,1.20735647057221,10.2530111561249
42.65001498,-71.31883837,3,7.170174,310.1000061,42.649962579505,-71.3187353696953,4.41655892907435,-9.6017376497999,1.20735646976344,1.20735646976344,10.568791731772
42.65005072,-71.31891028,4,6.76,309.7999878,42.6500043673615,-71.3188240502111,4.34124324393905,-9.51684197322109,1.20735646931456,1.20735646931456,10.4602425424227
42.65008029,-71.31897499,3,6.3000083,307.8999939,42.6500425827539,-71.3189051485428,4.28155459449671,-9.14964749006576,1.34242158445326,1.34242158445326,10.1018690814187
42.65010854,-71.31902465,3,5.4300365,307.1000061,42.6500777898025,-71.3189779884518,4.10528246365205,-8.68741054464725,1.27904484811048,1.27904484811048,9.6085610825772
42.65013391,-71.3190643,3,4.330046,305.2000122,42.6501095641357,-71.3190394071784,3.80861650566278,-8.05103318071088,1.24085362415627,1.24085362415627,8.90644120645921
42.65014697,-71.31909814,3,3.330015,305.2000122,42.6501375167087,-71.3190892497905,3.61067425987203,-7.28407496069219,1.22052321943964,1.22052321943964,8.12986572114726
42.6501487,-71.31912563,3,2.01,301,42.6501587884533,-71.319129092831,3.09755732714781,-6.38257155664823,1.21130067770481,1.21130067770481,7.09451062940229
42.65014981,-71.31914249,3,1.38,300.6000061,42.6501699478085,-71.3191597293316,2.33776262123847,-5.44118665754657,1.2080219356705,1.2080219356705,5.92213190629207
42.65015433,-71.31915834,3,1.6,300.6000061,42.6501733750379,-71.3191801570828,1.59390487405833,-4.48243356083066,1.20735786004622,1.20735786004622,4.75738829346607
42.65016421,-71.31918153,4,2.3700843,295.7999878,42.650173352994,-71.3191938380583,1.16085975556783,-3.61449868756029,1.20751882336895,1.20751882336895,3.79633983390213
42.65017392,-71.3192196,5,3.0402632,293,42.6501760403894,-71.3192097292633,1.05612555639567,-3.00875928159523,1.34289824689934,1.34289824689934,3.18873542418582
42.65018985,-71.31925671,5,3.1902509,299,42.6501804493461,-71.3192299372467,0.922766636956097,-2.57323829714174,1.54273181340723,1.54273181340723,2.73368864360157
42.65023775,-71.31927244,4,3.6135437,326.1000061,42.6501876684757,-71.3192527351621,0.719161772060191,-2.24759137296848,1.67598608580117,1.67598608580117,2.3598433495118
42.65027637,-71.31928246,4,3.9500506,346.2999878,42.6502105940139,-71.3192708173555,1.3018403151875,-2.00870310627419,1.60901721465217,1.60901721465217,2.39367424170522
42.65031809,-71.31926927,3,4.3771453,9.300000191,42.6502427175464,-71.3192842292022,1.51373574514761,-1.90375205815003,1.56247390146189,1.56247390146189,2.43221458861016
42.65036398,-71.31925287,4,4.282289,15.60000038,42.6502840510852,-71.3192847593838,2.37218964473398,-1.62884517827356,1.36065539749766,1.36065539749766,2.87757194964229
42.65042139,-71.31918347,3,6.291343,35.09999847,42.6503257238016,-71.319280928539,2.91254687326976,-1.18518305256217,1.41651677372481,1.41651677372481,3.14445355460596
42.65046831,-71.31913759,3,7.000114,35.5,42.6503822987676,-71.3192426567399,3.78113788910193,0.274425040429229,1.3024657187581,1.3024657187581,3.7910833331934
42.65052622,-71.3190852,3,7.690787,33.59999847,42.6504379893797,-71.319195879606,4.4748731104827,1.63608665112071,1.24706306224257,1.24706306224257,4.76458485965949
42.65058912,-71.31902989,3,8.091786,31.79999924,42.6504977407561,-71.3191406065207,4.97371119237906,2.91757623224531,1.22257569732098,1.22257569732098,5.76628598806541
42.65066076,-71.31895955,3,9.020671,32.40000153,42.6505611266033,-71.3190789696098,5.4884699538078,3.95749693439261,1.21332029665777,1.21332029665777,6.76646764712415
42.65073627,-71.31889174,3,9.310537,30.60000038,42.650630586314,-71.3190084189434,6.01876835366092,5.0154103422263,1.2105389549746,1.2105389549746,7.83453338725037
42.65082102,-71.3188385,3,10.05008,28.89999962,42.6507050962983,-71.3189335023379,6.66232400201801,5.85992377684823,1.20988445903825,1.20988445903825,8.87272606239687
42.65091468,-71.31877656,3,10.641358,27.39999962,42.6507870323464,-71.3188628479341,7.31289514051298,6.45326534535842,1.20959771968234,1.20959771968234,9.7531056055875
42.65100339,-71.3187226,3,10.630795,24.39999962,42.6508769724915,-71.3187925091388,8.08709136217109,6.87574333976498,1.20920237054259,1.20920237054259,10.6149372666269
42.65109316,-71.31867132,4,10.661201,23.79999924,42.650970214711,-71.3187265398933,8.58513769651923,6.9675717340201,1.20871275019837,1.20871275019837,11.0567465891605
42.6511828,-71.31862423,4,10.670075,21.70000076,42.6510613016966,-71.3186654224999,9.00701490304514,6.94441102557004,1.34352044183966,1.34352044183966,11.3732652284089
42.65126933,-71.31858468,5,10.520005,20.39999962,42.6511549615193,-71.3186095411629,9.42481844679192,6.84359268540212,1.43237655314132,1.43237655314132,11.647401581412
42.65134097,-71.31855873,5,9.680047,19.39999962,42.6512469487881,-71.3185585313457,9.55544272888631,6.52154589596003,1.59928713196705,1.59928713196705,11.5687962475851
42.65141672,-71.31852801,5,9.11079,19.70000076,42.6513330434098,-71.3185188892527,9.58870741621262,6.00834223439599,1.70511132176491,1.70511132176491,11.315630177739
42.65147383,-71.31850465,4,7.780643,21.89999962,42.6514157234391,-71.3184860701445,9.42482364766014,5.48314328508054,1.76193330505623,1.76193330505623,10.9037682052682
42.65152511,-71.31848015,6,7.41,24.29999924,42.6514871093818,-71.3184639479938,9.02466428551895,4.72880918183655,1.64123691619945,1.64123691619945,10.1885328553498
42.65157753,-71.31844356,8,7.0700283,25.79999924,42.6515528538204,-71.3184383338121,8.37415221776665,4.40500891843872,1.80938540817889,1.80938540817889,9.46205733114372
42.65158234,-71.31844947,7,3.6216707,25.20000076,42.6516124128469,-71.3184095976232,7.8064854130118,4.23228094138645,2.0993528301246,2.0993528301246,8.87994462090777
42.65160245,-71.31843065,7,3.0916176,27.20000076,42.6516477687055,-71.3183967987986,6.71253171611226,3.648472758006,2.22469858897765,2.22469858897765,7.63998923466028
42.65159521,-71.3184246,5,2.2391293,33.29999924,42.651671008616,-71.3183863067719,5.55455862773376,3.17634831885037,2.29337590800446,2.29337590800446,6.39861783446981
42.65162336,-71.31842697,5,2.7574806,31.20000076,42.6516674718762,-71.3183857703745,4.21756283685058,2.52863877995642,2.05292744739317,2.05292744739317,4.91750448523258
42.65166423,-71.3184027,5,3.735358,30.79999924,42.6516726974757,-71.3183876961554,3.49052938165211,1.98614607845594,1.92161064770219,1.92161064770219,4.01603929377472
42.65169684,-71.31837425,6,4.2114367,31.29999924,42.6516886967062,-71.318381559371,3.05119264566829,1.79327706622958,1.85333798972639,1.85333798972639,3.53915515303373
42.6517602,-71.31833381,5,5.33076,31.79999924,42.6517095266888,-71.3183675036982,2.88400604554822,1.74129538023813,1.93938340057023,1.93938340057023,3.36891680989563
42.65181553,-71.31828857,5,6.765656,28.79999924,42.6517447093241,-71.3183439003262,3.15423072556648,1.93403634821567,1.87801050283666,1.87801050283666,3.69995514382635
42.65187131,-71.31824238,5,7.1225343,29.60000038,42.6517888070848,-71.3183108851119,3.44853826158646,2.35303265411494,1.84272498121778,1.84272498121778,4.17482680035435
42.65193544,-71.31817421,5,8.580706,34.09999847,42.6518386214085,-71.3182708989298,3.95815906901018,2.89519596472582,1.82389415376125,1.82389415376125,4.90399662415791
42.65199525,-71.31810342,5,9.900692,33.90000153,42.6518967233332,-71.3182174857524,4.7086224129158,3.58749110380859,1.81471340444281,1.81471340444281,5.91956226821872
42.65206636,-71.31803667,5,10.160492,33.20000076,42.6519597050832,-71.3181537059871,5.35569065550818,4.42431965561315,1.81067891508707,1.81067891508707,6.94679975330674
42.65214511,-71.31797806,5,9.740867,34.09999847,42.652029089629,-71.3180842677406,5.97999566390709,5.12602886763282,1.80907490835852,1.80907490835852,7.87632656078661
42.65221226,-71.3179175,4,8.881441,33.09999847,42.6521051775185,-71.3180152430392,6.53351051372101,5.77987955977831,1.80844323509209,1.80844323509209,8.72317415614558
42.65227277,-71.31785773,4,7.7803154,33.90000153,42.6521833224401,-71.3179436535648,7.07030982175496,6.25025381708744,1.65820024838179,1.65820024838179,9.43689322571898
42.65231712,-71.31781488,4,6.3907824,34.09999847,42.6522561544519,-71.3178756477058,7.23169984305788,6.6074901905723,1.57985577342355,1.57985577342355,9.79573423682945
42.65235448,-71.31778191,4,5.0709863,31.70000076,42.6523183106578,-71.3178161614123,7.12374918653873,6.54490495764621,1.54187622362967,1.54187622362967,9.67386083098848
42.65238177,-71.31776234,4,3.6223333,29.70000076,42.6523701582239,-71.3177675051284,6.67150298046423,6.29122047570099,1.52568253443312,1.52568253443312,9.16997312385498
42.65240517,-71.31773829,4,3.2103894,31.5,42.6524100033025,-71.3177315861091,6.09082600176983,5.65620775230493,1.5200466247761,1.5200466247761,8.31209044230571
42.65242333,-71.3177269,4,2.270022,32.90000153,42.6524406442981,-71.317703686262,5.11152457952655,5.15785109158255,1.51867803479805,1.51867803479805,7.26161906258124
42.65243726,-71.31771767,4,1.9101048,30.89999962,42.6524612167916,-71.3176849302239,4.28565508580402,4.45997145848118,1.51852229644647,1.51852229644647,6.18532011499362
42.65246194,-71.31769519,4,2.4924285,28,42.6524748369866,-71.3176734819266,3.57649241359324,3.60882705461822,1.5184049732589,1.5184049732589,5.0808395659216
42.65248131,-71.3176701,3,2.920274,32.70000076,42.6524890228487,-71.3176620658772,3.08290393458244,2.94169833672796,1.51806767785346,1.51806767785346,4.26120707947548
42.65251121,-71.31765833,3,3.0005999,27.70000076,42.6525003802255,-71.3176512371155,2.52354796403147,2.45152589236063,1.34721389385732,1.34721389385732,3.51827706806641
42.65253869,-71.31763807,4,3.170568,20,42.6525177254891,-71.3176413950209,2.35701641816491,2.03819752920217,1.2651221812447,1.2651221812447,3.11605127742545
42.65257006,-71.31764083,4,3.3609521,359.7000122,42.6525384213825,-71.3176278700109,2.29136425614533,1.88298519128866,1.36858970335555,1.36858970335555,2.96580231724112
42.65260172,-71.31765553,4,3.538149,343.2000122,42.652562181166,-71.3176211955615,2.35915231086203,1.62906984936073,1.44228078501021,1.44228078501021,2.86696149258093
42.65262657,-71.3176768,4,3.4428477,316.7999878,42.6525889780031,-71.3176241440395,2.47422318593571,1.29014200708605,1.48524305686774,1.48524305686774,2.79038469969105
42.65264211,-71.31771382,4,3.482815,307.8999939,42.6526152740065,-71.3176363374359,2.47621167218554,0.771535187629348,1.50599834565587,1.50599834565587,2.59362502903141
42.65266088,-71.31774945,4,3.7503333,304.5,42.6526374008833,-71.3176608437495,2.36955089174024,-0.122101568230209,1.5139381751922,1.5139381751922,2.37269471730167
42.65267933,-71.31779253,4,4.1909666,301.2999878,42.6526575938081,-71.3176942538629,2.20388630399773,-1.11208005532873,1.51585604970137,1.51585604970137,2.4685698066712
42.65269762,-71.3178426,3,4.721059,294.8999939,42.6526760512849,-71.3177365893077,2.13795726764245,-1.76423003074651,1.51564832546936,1.51564832546936,2.77188904533587
42.6527123,-71.31790941,3,5.2221546,290.7999878,42.6526942680298,-71.3177917619927,2.09006085233789,-2.53540564470857,1.34526477058432,1.34526477058432,3.28582351164749
42.6527302,-71.31797417,4,5.6514955,294.2000122,42.6527106057895,-71.3178531791978,1.94275953095823,-3.51920291136598,1.26349252619299,1.26349252619299,4.01983876871895
42.65275813,-71.31803671,4,5.9906754,300.8999939,42.6527263764705,-71.3179133122814,1.85998996882462,-4.48552022896016,1.36703159864473,1.36703159864473,4.85586803862492
42.65278311,-71.31809781,4,5.800552,302.5,42.6527460300955,-71.3179808267233,1.84348183436833,-5.342086583454,1.44107600263341,1.44107600263341,5.65122237562505
42.6527986,-71.3181575,3,5.4001484,293.3999939,42.652767803872,-71.3180513747648,1.8431156757499,-5.93746117533539,1.48444921942292,1.48444921942292,6.21695428669136
42.65280279,-71.31821738,3,5.2131085,279.8999939,42.6527885401176,-71.3181256860721,1.85693255234751,-6.417836911355,1.33770821978415,1.33770821978415,6.68107993701007
42.65280408,-71.31827341,3,5.1303506,268.6000061,42.6528020583293,-71.3181954979484,1.67347542036965,-6.52361973931433,1.26300246654387,1.26300246654387,6.73484480042064
42.65280329,-71.3183293,3,4.991593,264.3999939,42.6528097444677,-71.3182601083942,1.22436482457704,-6.55540420186411,1.22787123930242,1.22787123930242,6.66876251440094
42.65279382,-71.31839698,3,5.641737,260.6000061,42.6528118194833,-71.3183213480163,0.802760161327915,-6.5496440007825,1.21371069092534,1.21371069092534,6.59865595508672
42.65277452,-71.31848968,3,6.5917068,258.3999939,42.652806921551,-71.3183852832398,0.349300163475983,-6.56807028469409,1.20936300804481,1.20936300804481,6.57735188878365
42.65275304,-71.31858033,3,7.6123714,256.7999878,42.6527936314103,-71.3184610244653,-0.166158932471834,-6.91204444980484,1.20869704449527,1.20869704449527,6.91404131220794
42.65274321,-71.31868556,4,8.290868,259.3999939,42.6527741608396,-71.3185446201864,-0.823616608401336,-7.4792710732302,1.20887547463313,1.20887547463313,7.52448271341575
42.65273546,-71.31879436,4,9.120006,263.2000122,42.6527562798433,-71.318634558237,-1.05623719783823,-8.23026166526862,1.34435453974594,1.34435453974594,8.29776139069372
42.65271817,-71.31891686,4,9.720741,263.1000061,42.6527398608671,-71.3187367606955,-1.34372977089493,-8.96258569932546,1.43346762805285,1.43346762805285,9.06275631995822
42.65270938,-71.31903786,4,9.713754,262.8999939,42.652721201327,-71.3188514273172,-1.58721938030455,-9.77167119995312,1.48185678996628,1.48185678996628,9.89973855216427
42.65269341,-71.31913915,3,9.060795,257.7000122,42.6527049284905,-71.3189732749799,-1.69151213711224,-10.5816430131615,1.50372269068729,1.50372269068729,10.7159872232095
42.65267411,-71.31923222,3,8.450592,255.1000061,42.6526890781884,-71.3190973477004,-1.7722824577964,-11.1880268982554,1.34248813075934,1.34248813075934,11.3275297830683
42.65265044,-71.31932629,3,7.8000064,255.1999969,42.6526715964308,-71.3192096405417,-1.90429047805122,-11.3503576246991,1.26252896419129,1.26252896419129,11.5089938931847
42.65263645,-71.31940199,3,7.0000286,255.1000061,42.6526511209244,-71.3193148468925,-2.10478607502322,-11.2669693909873,1.22610797917925,1.22610797917925,11.4618813324452
42.6526111,-71.31947164,3,6.2900715,253.1000061,42.6526324978657,-71.3194075374128,-2.18130917410407,-10.9480254241887,1.21223427637604,1.21223427637604,11.1632150566812
42.65259534,-71.31953141,3,5.821684,251.8000031,42.6526109875071,-71.3194893843258,-2.29244682358494,-10.2419486069034,1.20855475972405,1.20855475972405,10.4953715372737
42.65258229,-71.31959424,3,5.370335,254.8000031,42.6525913622295,-71.3195587456492,-2.25706334983245,-9.38866455464007,1.2084316583243,1.2084316583243,9.65615643435377
42.65257676,-71.31964749,3,4.7300425,259,42.6525746560023,-71.3196209900041,-2.08086568098612,-8.66407726613427,1.20890908020956,1.20890908020956,8.91045660198458
42.65257166,-71.31969065,3,3.6501234,262.2999878,42.652563539688,-71.3196757841016,-1.87508401675383,-7.92198307134121,1.20905830576334,1.20905830576334,8.14086947767266
42.6525667,-71.31971439,3,2.3601906,264.2999878,42.6525562495943,-71.3197220153101,-1.76048300636068,-7.12141976529078,1.20883276307541,1.20883276307541,7.33579715430838
42.65256463,-71.31972776,3,1.5026976,263.8999939,42.6525508437435,-71.3197550656114,-1.53039903552108,-6.14809980153409,1.20843270941414,1.20843270941414,6.33571246013796
42.6525657,-71.31974272,4,1.1788553,280.2999878,42.6525482056708,-71.3197752601107,-1.27265563948626,-5.02710072299468,1.20803618464564,1.20803618464564,5.18569128042249
42.65256659,-71.31975997,4,1.1621101,280.2999878,42.6525465095106,-71.3197925857748,-0.966835363727561,-4.11788491370369,1.34288602045073,1.34288602045073,4.22986368374474
42.65256972,-71.31976467,4,0.8949302,280.2999878,42.6525480775223,-71.3198031314033,-0.747065284311144,-3.3338744231665,1.43190010115019,1.43190010115019,3.4165516545878
42.65257588,-71.31977556,5,1.1344161,280.2999878,42.6525518024859,-71.3198065034992,-0.435262245812735,-2.58381779422569,1.48056604864414,1.48056604864414,2.62022281808003
42.65257432,-71.31979552,5,1.5388308,280.3999939,42.6525566936215,-71.3198110695417,-0.126684667176192,-1.96690315506368,1.62492444032107,1.62492444032107,1.97097869757565
42.6525708,-71.31981488,5,1.1827087,280.2999878,42.6525614806799,-71.3198164489277,-0.0974426498351799,-1.60402901072039,1.71601420925298,1.71601420925298,1.60698604139536
42.65254385,-71.31984021,5,2.002024,229.8000031,42.6525637169303,-71.3198244809104,0.117441545655552,-1.43960833201749,1.76538610382615,1.76538610382615,1.44439075954541
42.65252443,-71.31985522,5,2.084706,211,42.6525566118751,-71.3198383611724,-0.0896595384120925,-1.46774914236447,1.78856155139442,1.78856155139442,1.47048508246085
42.65251019,-71.31986286,4,1.817058,210.5,42.6525441773402,-71.3198530348926,-0.537923297553757,-1.43266384082575,1.79786469969174,1.79786469969174,1.53032256562488
42.6524937,-71.31986218,4,1.4801352,179.8999939,42.6525271607864,-71.3198647408076,-0.868509167316089,-1.30008089200727,1.65221523743693,1.65221523743693,1.56349560263996
42.65247953,-71.31986088,3,1.1204017,179.6999969,42.6525095661093,-71.3198708554975,-1.13164737510178,-1.24125146860905,1.57525804625228,1.57525804625228,1.6796818120998
42.65246911,-71.31985712,3,1.0922455,179.8000031,42.6524907242548,-71.3198723680358,-1.3519142738114,-1.00301606904135,1.36325437003318,1.36325437003318,1.68336372732994
42.65246263,-71.31985309,3,0.96,168.1999969,42.652474976214,-71.3198711782634,-1.41535828940587,-0.636948788181669,1.2683948035914,1.2683948035914,1.5520769459521
42.65245807,-71.31984965,3,0.6506919,168.3000031,42.6524629025571,-71.3198672206078,-1.39853404870414,-0.438522713219822,1.2289599249561,1.2289599249561,1.46567378887475
42.65245126,-71.31985062,3,0.5147815,168.3999939,42.6524539383242,-71.319862513202,-1.29066967478608,-0.175895602194301,1.21527665107141,1.21527665107141,1.30260027340843
42.6524481,-71.31984993,3,0.7211103,168.3000031,42.6524463759547,-71.3198587459046,-1.17770374139571,-0.0467744684388476,1.21188402713488,1.21188402713488,1.17863223839975
42.6524393,-71.31984964,3,1.0511898,168.1999969,42.6524411994873,-71.3198556085175,-1.11185540874367,-0.061658456589019,1.21145552578653,1.21145552578653,1.11356374546835
42.65242521,-71.31984648,3,1.4166156,165.6000061,42.6524348655288,-71.3198538365849,-0.933874866938759,0.0240116151986259,1.21122721550233,1.21122721550233,0.934183507007233
42.65240427,-71.31983857,3,2.4880514,172.8000031,42.6524263511486,-71.3198511895196,-0.902810116481605,0.147963669743306,1.21059964946761,1.21059964946761,0.914854826726861
42.65238753,-71.31983819,4,2.660075,183.8999939,42.6524129458624,-71.3198461161715,-0.939277990295316,0.240814094372592,1.20973421456416,1.20973421456416,0.969656934746356
42.65236151,-71.31984045,3,2.9202225,173.1999969,42.6523990226906,-71.3198430260228,-0.98955852051244,0.302101182347629,1.34432621123593,1.34432621123593,1.03464544163429
42.65233577,-71.31983862,4,2.841637,171.8000031,42.6523783732904,-71.3198413336638,-1.42460943806394,0.0431781975320347,1.28004886641209,1.28004886641209,1.42526362746089
42.65230089,-71.3198083,3,3.227445,150.8000031,42.6523558664005,-71.3198411543993,-1.64014019538835,0.0950013010048604,1.38457247483724,1.38457247483724,1.64288925607333
42.65227574,-71.31978927,4,3.209751,150.8000031,42.652324769731,-71.3198274386213,-2.04885292243374,0.511248435432509,1.29486431538964,1.29486431538964,2.11167546287242
42.65225681,-71.31973891,4,3.8069541,122.5999985,42.6522969509959,-71.319812334989,-2.2752003265999,0.841013517840228,1.38989965108491,1.38989965108491,2.4256628503051
42.6522425,-71.31969593,5,3.6004999,118.6999969,42.6522713169895,-71.3197818862524,-2.43397005224168,1.47164344294221,1.45262797983989,1.45262797983989,2.84428279859162
42.65223768,-71.31965309,5,3.2501385,112.1999969,42.65224944394,-71.3197465054362,-2.56482264676871,2.02526413187148,1.60738036167878,1.60738036167878,3.26802845967148
42.65221929,-71.31960698,4,3.710054,118.0999985,42.6522324262434,-71.319703976735,-2.18571538938132,2.8015049648538,1.70751293320542,1.70751293320542,3.55327761812651
42.6522024,-71.31956606,4,3.8006446,126.5,42.6522174063381,-71.3196513687854,-1.87608954349201,3.37700213973045,1.619797535217,1.619797535217,3.86314061702963
42.6521896,-71.31953328,4,3.4100587,127.0999985,42.6522030229583,-71.3196015021388,-1.68985781639643,3.74628737589642,1.56552987027653,1.56552987027653,4.10977962212537
42.65217519,-71.31949562,3,3.2837327,121.4000015,42.6521900710696,-71.3195566363259,-1.55003875770302,4.01155834018493,1.53556730088445,1.53556730088445,4.30060698821559
42.65216238,-71.31945916,3,3.3218217,115.5999985,42.6521770564509,-71.3195111169557,-1.37530257005655,4.10020574102449,1.35017831661753,1.35017831661753,4.32471320181285
42.65216601,-71.31942237,3,2.687006,100.3000031,42.652165055404,-71.31946956093,-1.32748812634231,4.10244365505012,1.26417035260264,1.26417035260264,4.31187530761741
42.65217052,-71.31938966,3,2.6132355,88.30000305,42.6521596131996,-71.3194298277254,-1.12883273328575,4.04220249366968,1.22729903447998,1.22729903447998,4.19686363128072
42.65218902,-71.31937236,4,2.0570366,68.40000153,42.6521591352055,-71.3193931726695,-0.810955559023494,4.08898821296377,1.21407507715143,1.21407507715143,4.16862969385237
42.65223224,-71.31935446,4,3.1403983,30.29999924,42.6521652531771,-71.3193629119278,-0.258522395625922,3.84449439293545,1.34654961544575,1.34654961544575,3.85317673697331
42.6522556,-71.31935,4,2.764634,10,42.6521884423976,-71.3193381248729,0.576962893075078,3.5611920694448,1.43563260058999,1.43563260058999,3.6076273554044
42.65229398,-71.31935295,4,2.7059934,3.200000048,42.6522165999628,-71.3193226774363,1.20718192387142,3.02903710786141,1.48441831527401,1.48441831527401,3.26072905929384
42.65230387,-71.31937028,4,2.4891968,339.5,42.6522520941892,-71.3193172001984,1.97223346958854,2.38042706007878,1.50627789698555,1.50627789698555,3.09130034886948
42.65232031,-71.31939122,4,2.1539035,325.8999939,42.6522816833346,-71.3193240107979,2.28088892641372,1.6360450800615,1.51375265295869,1.51375265295869,2.80697306695846
42.65232625,-71.31941674,4,1.6131027,306.8999939,42.6523077918289,-71.3193402864822,2.43483802006979,0.822496339991593,1.51508748741099,1.51508748741099,2.57000708428536
42.6523328,-71.31943407,5,1.3201516,310.6000061,42.6523270562174,-71.3193645803583,2.3088881123943,-0.0663412043961689,1.51461618346781,1.51461618346781,2.30984100555784
42.65232564,-71.31944391,4,0.6129437,295.1000061,42.6523416274434,-71.3193873952167,2.0699734872646,-0.649878543197772,1.63814774770993,1.63814774770993,2.16959267119135
42.65232444,-71.31944365,4,0,0,42.6523456117143,-71.3194129875702,1.52570098906703,-1.1178529575108,1.5839587660553,1.5839587660553,1.89139069011555
42.65231666,-71.31944399,4,0,0,42.652345265159,-71.3194306186788,1.12572412121468,-1.31521381220846,1.54955248143107,1.54955248143107,1.73119674471404
42.65230946,-71.31944359,4,0,0,42.6523401700617,-71.3194425676326,0.699307423467654,-1.29703985481458,1.53016706212044,1.53016706212044,1.47354784703259
42.65230716,-71.31944183,4,0,0,42.6523321444177,-71.3194497279044,0.294606111649703,-1.14054250485691,1.52070390423168,1.52070390423168,1.17797706531436
42.65230575,-71.31944201,4,0,0,42.6523242056083,-71.3194526878795,0.00955215484234734,-0.936365643410111,1.51694189884932,1.51694189884932,0.936414364382009
42.65230658,-71.31943572,4,0,0,42.6523172660503,-71.3194535393853,-0.198356472077287,-0.702106102107068,1.51595361589268,1.51595361589268,0.729587738816195
42.65230385,-71.3194343,4,0,0,42.6523121778839,-71.319450454299,-0.281905378992165,-0.43574177377357,1.51601597193189,1.51601597193189,0.518981248327965
42.65230394,-71.31943377,4,0,0,42.6523075452738,-71.3194466066612,-0.327483434819573,-0.218538657764355,1.51628823933899,1.51628823933899,0.393706165837762
42.65229854,-71.3194325,4,0,0,42.6523044700627,-71.3194428889224,-0.33431322869348,-0.038341889980384,1.51646269827933,1.51646269827933,0.336504733111923
42.6523022,-71.3194276,4,0,0,42.6523004734939,-71.3194391435635,-0.351998785318906,0.0537878969041578,1.51649378483301,1.51649378483301,0.356084656675007
42.65229679,-71.31942498,4,0.3671512,294.8999939,42.6522992891423,-71.3194344907102,-0.293548635299233,0.180831428769283,1.51643023144544,1.51643023144544,0.344776459342546
42.65230105,-71.31941777,4,0,0,42.6522966886919,-71.3194298812597,-0.293851702151014,0.251282852161437,1.51633149523306,1.51633149523306,0.386641816992724
42.65229658,-71.31941655,3,0,0,42.6522968071014,-71.3194239775349,-0.216096783879264,0.348644922161022,1.51623771746749,1.51623771746749,0.410184229038156
42.65229694,-71.31941325,3,0,0,42.6522957018773,-71.3194190279348,-0.187571516455788,0.395842847404339,1.34609179100171,1.34609179100171,0.438034968497605
42.65229843,-71.31941048,3,0,0,42.6522953040085,-71.3194146546329,-0.144193884014477,0.413903433718228,1.26442841329711,1.26442841329711,0.4383011848386
42.65229631,-71.31940537,3,0,0,42.6522958621281,-71.3194108723044,-0.0902175805969104,0.406392707091241,1.22807863034887,1.22807863034887,0.416286252746482
42.65229835,-71.31940141,3,0,0,42.6522955880453,-71.3194065926509,-0.0730248654445503,0.413904632709813,1.21430801577847,1.21430801577847,0.420297128174628
42.65230238,-71.31939673,3,0,0,42.652296333272,-71.3194024104081,-0.0311666884687068,0.428766381518431,1.21039556138862,1.21039556138862,0.429897630128981
42.65230472,-71.31939453,3,0,0,42.6522986144758,-71.3193979490767,0.0439460512530765,0.434810023559673,1.20982158621657,1.20982158621657,0.437025184638942
42.65230751,-71.31939241,3,0,0,42.6523012969807,-71.3193943701665,0.118160081130832,0.41679322136423,1.20982187853915,1.20982187853915,0.433218644737293
42.65230673,-71.31939163,3,0,0,42.652304403327,-71.3193914770424,0.164990205228456,0.406678749603876,1.20958600372707,1.20958600372707,0.438872844000059
42.65230635,-71.31939103,3,0,0,42.6523061740262,-71.3193894748252,0.178620022443213,0.332736892259201,1.20910134479334,1.20910134479334,0.377649244521852
42.65230628,-71.31939115,3,0,0,42.6523071493952,-71.3193884248598,0.157280123754683,0.299862606407099,1.20855157549967,1.20855157549967,0.338606881279084
42.65230634,-71.31939106,3,0,0,42.6523075985359,-71.3193879932737,0.117340042523563,0.19288327505916,1.20808077542638,1.20808077542638,0.225771219106819
42.65230637,-71.31939109,3,0,0,42.6523076845023,-71.3193882547816,0.0934804027659206,0.145488127985283,1.20774603133236,1.20774603133236,0.172931723769645
42.65230639,-71.31939105,3,0,0,42.6523076299426,-71.3193886599574,0.0625310042084233,0.0967179717921577,1.20754130668791,1.20754130668791,0.11517157876361
42.65230637,-71.31939104,3,0,0,42.6523074462117,-71.3193891318805,0.0449959135672978,0.0559174795940948,1.20743277781013,1.20743277781013,0.0717732315136481
42.65230653,-71.31939111,3,0,0,42.6523072421412,-71.3193896165166,0.0226426029276889,0.0260705199345678,1.20738363063156,1.20738363063156,0.0345305585966934
42.65230664,-71.31939134,3,0,0,42.652307070268,-71.3193900840106,0.0112389151885222,-0.000196873401705044,1.20736550802818,1.20736550802818,0.0112406393835535
42.65230667,-71.31939133,3,0,0,42.6523069535392,-71.3193905904035,0.00646062244178593,-0.0154168058117481,1.20736074584535,1.20736074584535,0.0167157872615219
42.65230669,-71.31939132,4,0,0,42.6523068737761,-71.3193909651968,-0.003378466414295,-0.0256513091948816,1.20736024278984,1.20736024278984,0.0258728370830093
42.65230678,-71.31939134,4,0,0,42.6523067922406,-71.3193912291969,-0.00223576323979267,-0.0250144242481587,1.3424262913608,1.3424262913608,0.0251141405931256
42.65230679,-71.31939133,4,0,0,42.6523067762278,-71.3193914046411,-0.0035377682652506,-0.0224815926091736,1.431643669222,1.431643669222,0.0227582470885493
42.6523068,-71.31939133,4,0,0,42.6523067618464,-71.319391496851,-0.000880181756051904,-0.0173251437080536,1.48044673482525,1.48044673482525,0.0173474875537755
42.65230682,-71.31939134,4,0,0,42.6523067719904,-71.3193915255514,-0.0016562807604657,-0.0125124596351819,1.50278015025748,1.50278015025748,0.0126216049724092
42.65230688,-71.3193914,3,0,0,42.6523067813046,-71.3193915210081,-0.000527254321496444,-0.00906156349541989,1.51103765110693,1.51103765110693,0.00907688989142553
42.65230693,-71.31939141,3,0,0,42.6523068238715,-71.3193915093515,-0.00194734420645535,-0.00492827171623802,1.34375452379622,1.34375452379622,0.00529905761126324
42.65230695,-71.31939137,3,0,0,42.6523068583448,-71.3193914909595,0.0017915029568681,-0.0057492111075707,1.26243674462754,1.26243674462754,0.00602186941106177
42.65230695,-71.31939134,3,0,0,42.6523069043754,-71.3193914717345,0.00409251311986848,0.00129333148912882,1.22609318859848,1.22609318859848,0.00429201234586619
42.65230694,-71.31939134,3,0,0,42.6523069453386,-71.319391410344,-0.00235974007773011,-0.00296284329402286,1.21253790426524,1.21253790426524,0.00378771878831862
42.65230692,-71.31939138,4,0,0,42.6523069310126,-71.3193913960846,-0.00131535294917991,-0.00490289864095677,1.20903283136047,1.20903283136047,0.00507627505799401
42.6523069,-71.31939138,4,0,0,42.6523069200694,-71.3193914198989,-0.00177947223347456,0.00088659063101143,1.34433722941471,1.34433722941471,0.00198810572573598
42.6523069,-71.31939144,4,0,0,42.6523069029787,-71.3193914013365,-0.000989332287222127,0.00279998967821823,1.43416712993166,1.43416712993166,0.00296963307037566
42.65230693,-71.3193915,4,0,0,42.6523068963625,-71.3193914012966,-0.000109860615396644,0.00339930743238694,1.48304923819586,1.48304923819586,0.00340108223580325
42.652307,-71.31939162,3,0,0,42.6523069089629,-71.3193914183645,-0.00127216855934378,-0.00456706966134527,1.50498382101334,1.50498382101334,0.00474094274748844
42.65230704,-71.31939157,3,0,0,42.65230694352,-71.319391530609,0.00100104021462881,-0.00401460175190589,1.34331946744545,1.34331946744545,0.00413752446974153
42.65231005,-71.31940625,3,0.43046486,294.8999939,42.652306989291,-71.319391567647,0.0011594287654038,-0.00124930469653384,1.26305806132444,1.26305806132444,0.00170441699323473
42.65231367,-71.31941159,4,0,0,42.6523081277821,-71.3193975200246,0.0285707861475706,-0.173780767259981,1.22641543991392,1.22641543991392,0.176113727149697
42.65232011,-71.31940929,4,0,0,42.6523101570365,-71.3194032420807,0.0800580354502414,-0.28930266935439,1.34864963657935,1.34864963657935,0.300175487899542
42.65232623,-71.31940705,3,0,0,42.6523141570856,-71.3194069755293,0.174782754516872,-0.318974839783626,1.433517962264,1.433517962264,0.363722366223876
42.65233477,-71.31941934,4,0.35128334,294.8999939,42.6523202906186,-71.3194085144548,0.297705956472281,-0.272517841230629,1.31891557242392,1.31891557242392,0.403602292248294
42.65233314,-71.31941215,4,0,0,42.6523268982744,-71.3194137586663,0.40197398098013,-0.351213907001072,1.40413467962073,1.40413467962073,0.533792365865204
42.65233414,-71.31941729,3,0,0,42.6523313287428,-71.3194150532988,0.420921864386605,-0.290519282738093,1.46005007495875,1.46005007495875,0.511445666284652
42.65233824,-71.31942736,4,0,0,42.6523345501687,-71.3194174069104,0.395581227340078,-0.279529852362082,1.32645834986409,1.32645834986409,0.48437737951462
42.65234239,-71.31943223,4,0,0,42.6523380169635,-71.3194224369583,0.392506997380246,-0.351880857859762,1.40528211023783,1.40528211023783,0.527145028545825
42.6523424,-71.31943223,4,0,0,42.6523417125388,-71.3194278947127,0.399970011672026,-0.412024344576142,1.45918493990613,1.45918493990613,0.574229980722289
42.65234587,-71.31944019,4,0.34,294.8999939,42.6523440851595,-71.3194316862308,0.350404889080742,-0.410978683431343,1.49046484735236,1.49046484735236,0.540080609285917
42.65234831,-71.3194395,4,0.38832977,294.8999939,42.6523464837336,-71.3194369940988,0.324524052287369,-0.445258933425345,1.50600869290295,1.50600869290295,0.550973119406102
42.65233677,-71.31944231,4,0,0,42.6523487469413,-71.3194402105451,0.295167703709029,-0.423270317882273,1.51248293122681,1.51248293122681,0.516024936716261
42.65233267,-71.31944459,5,0,0,42.6523457542988,-71.319443220381,0.139559769492186,-0.391452357616484,1.5145744375719,1.5145744375719,0.415586185458824
42.65233205,-71.31946024,4,0.2915476,294.8999939,42.652342255436,-71.3194458840179,0.00441195019451504,-0.3625743075739,1.63913941060415,1.63913941060415,0.362601149773704
42.65232178,-71.3194783,5,0.24738634,294.8999939,42.652338136944,-71.3194533617952,-0.113056510459393,-0.469931992888079,1.58490268917422,1.58490268917422,0.48334030713051
42.65231969,-71.31948973,5,0,0,42.6523319210413,-71.3194643224766,-0.255122834312173,-0.649621241504813,1.6804389323799,1.6804389323799,0.697922214864759
42.65231592,-71.3194882,4,0,0,42.65232626615,-71.3194767231139,-0.339020055240268,-0.809472847081131,1.74201073449995,1.74201073449995,0.87759950319992
42.65231437,-71.31948675,4,0,0,42.6523203662982,-71.3194854157429,-0.409052807160662,-0.831463422958529,1.63167949534551,1.63167949534551,0.926636726427316
42.65232099,-71.31948857,4,0,0,42.6523159251628,-71.3194901824134,-0.422725627663988,-0.752271866934723,1.56935063042147,1.56935063042147,0.862907827097058
42.65232077,-71.31948629,4,0,0,42.652315683003,-71.3194934601945,-0.324920333335847,-0.646888768139826,1.53721617166334,1.53721617166334,0.723904898008391
42.65232381,-71.31948169,4,0,0,42.6523159243403,-71.3194941009629,-0.229416742337043,-0.501347958806751,1.52280933800398,1.52280933800398,0.551345461089721
42.65232769,-71.31947924,4,0,0,42.6523177175946,-71.3194920117155,-0.11922675846848,-0.310209817131439,1.51766447373129,1.51766447373129,0.332332891209435
42.65233311,-71.3194708,4,0,0,42.652320877047,-71.3194887897601,-0.00533030035802129,-0.14161149482927,1.51658071130738,1.51658071130738,0.14171177639733
42.65233771,-71.31946372,3,0,0,42.6523254878009,-71.3194827079062,0.123274850178909,0.0630672714802456,1.51679439723127,1.51679439723127,0.138470825153154
42.65234165,-71.31945714,4,0,0,42.6523315474482,-71.3194738904,0.254549702425937,0.287340556587896,1.34683696632156,1.34683696632156,0.383875170420509
42.65234289,-71.31945381,4,0,0,42.6523365117278,-71.319466396644,0.327366816552141,0.42418506976268,1.41433870249126,1.41433870249126,0.535819004878562
42.65234355,-71.31945235,4,0,0,42.6523405950246,-71.3194595226808,0.357826331589239,0.503058067761429,1.46348036822434,1.46348036822434,0.617338726404293
42.65234387,-71.31945171,4,0,0,42.6523435858373,-71.319454210765,0.347236855688399,0.57704148016893,1.4931296153994,1.4931296153994,0.673461434518648
42.65234399,-71.31945144,3,0,0,42.6523455089375,-71.3194502549052,0.321600261776087,0.569767130808333,1.50814702884333,1.50814702884333,0.654263946526177
42.65234406,-71.31945137,3,0,0,42.652346323867,-71.3194481366921,0.251121541687077,0.465356219143532,1.34463059490213,1.34463059490213,0.528789598417799
42.65234405,-71.31945127,3,0,0,42.6523465999403,-71.3194472067038,0.189360109316248,0.317128583504131,1.26443083055494,1.26443083055494,0.369361326448232
42.65234404,-71.3194512,3,0,0,42.6523465044179,-71.3194472823014,0.134806897917567,0.229724734086082,1.22799201632645,1.22799201632645,0.266357566397274
42.65234403,-71.31945115,3,0,0,42.6523461891965,-71.3194477039534,0.0833194633458958,0.140273566710944,1.21388956088249,1.21388956088249,0.163152709110385
42.65234396,-71.31945109,3,0,0,42.6523457390477,-71.3194483835974,0.0500625456875245,0.0797343630635883,1.20981175812871,1.20981175812871,0.0941479003157882
42.65234397,-71.31945104,3,0,0,42.6523452759142,-71.3194490701092,0.0200201139196266,0.0337694666352042,1.20926590969196,1.20926590969196,0.0392578888655643
42.65234394,-71.31945099,4,0,0,42.6523448512286,-71.3194496922566,0.000156730262497178,0.00195526752821697,1.20939759243082,1.20939759243082,0.00196153905953517
42.65234394,-71.31945091,4,0,0,42.6523445454274,-71.3194501182744,-0.0079421743895202,-0.00898639251170594,1.34483823023359,1.34483823023359,0.0119930556743474
42.65234394,-71.31945083,4,0,0,42.6523442841856,-71.3194504536681,-0.00962610476214769,-0.00737009469040471,1.43381944920387,1.43381944920387,0.0121235386186284
42.65234392,-71.31945072,4,0,0,42.6523441049066,-71.3194506317693,-0.00995338871854221,-0.0116205177713377,1.48207168413975,1.48207168413975,0.015300535293132
42.65234392,-71.31945064,4,0,0,42.6523439833593,-71.3194507265021,-0.0114356615920254,-0.00961413776001341,1.5038359337391,1.5038359337391,0.0149400803517197
42.65234394,-71.3194506,4,0,0,42.6523438993076,-71.3194507435447,-0.0100740085651481,-0.00937543769281049,1.51164769954946,1.51164769954946,0.0137617034011945
42.65234386,-71.31945048,4,0,0,42.6523438635279,-71.3194507358269,-0.0130311755828177,-0.0140847823245308,1.51351670226015,1.51351670226015,0.019188346208041
42.6523395,-71.31945101,4,0.7244998,294.8999939,42.6523437927337,-71.3194507134223,-0.00779163097794966,-0.00773312568277946,1.51357706694869,1.51357706694869,0.0109777386615918
42.65232811,-71.3194467,4,0.2529822,294.8999939,42.6523418939013,-71.3194507592987,-0.0699342955372147,0.0037385491565353,1.51351459086678,1.51351459086678,0.0700341519694664
42.65232351,-71.3194639,4,0,0,42.652336230645,-71.3194491630156,-0.213602088201944,0.0407990157608185,1.5137596952019,1.5137596952019,0.217463587230788
42.65232898,-71.31944738,4,0,0,42.6523302967629,-71.3194545299928,-0.317726231048528,-0.112660650052687,1.51424376522228,1.51424376522228,0.337108854773346
42.65232864,-71.31944698,4,0,0,42.6523281359641,-71.3194524136134,-0.292113695551314,-0.018606205665208,1.51478982333508,1.51478982333508,0.292705657645871
42.65232979,-71.31944908,4,0,0,42.6523267996634,-71.3194504490935,-0.252315455535145,0.0299664538788184,1.51526661356331,1.51526661356331,0.254088719662993
42.65233553,-71.31944504,4,0,0,42.6523266155541,-71.319449773639,-0.196556555040054,0.0405185331351201,1.51561831627542,1.51561831627542,0.20068938899861
42.65233421,-71.31944801,4,0,0,42.6523289666206,-71.3194477712327,-0.0810186124473192,0.0945837325683247,1.51584493776016,1.51584493776016,0.124539544039013
42.65233834,-71.31943777,5,0,0,42.6523305316447,-71.3194473624343,-0.0205290637080081,0.0662953535136206,1.51597370749096,1.51597370749096,0.069401126462208
42.6523357,-71.31943425,4,0,0,42.652332976918,-71.3194438432712,0.053071580939118,0.153302418138474,1.64038172573152,1.64038172573152,0.162228925011789
42.65233461,-71.31942535,5,0.40816662,294.8999939,42.6523343255825,-71.3194392641414,0.0744368373724186,0.237972614711319,1.58605713631086,1.58605713631086,0.249342752271947
42.65233078,-71.31943959,5,0,0,42.6523346909122,-71.3194331898684,0.0613046480871779,0.343466967954517,1.68169294461128,1.68169294461128,0.348895138907039
42.65232897,-71.31944464,5,0,0,42.6523336611573,-71.319433546893,0.020306485988719,0.246160588212309,1.74314388235306,1.74314388235306,0.246996737958703
42.65232635,-71.31944961,5,0,0,42.6523321034247,-71.3194361664035,-0.027244571152274,0.123097831064276,1.77750766030457,1.77750766030457,0.126076733261932
42.65232617,-71.31945238,5,0,0,42.6523298936894,-71.3194403281266,-0.0808296281846725,-0.0234304884815848,1.79428225424605,1.79428225424605,0.0841570946679962
42.65232639,-71.31945003,5,0,0,42.6523281151192,-71.3194447932314,-0.0947084179561661,-0.139105496996925,1.80129955265977,1.80129955265977,0.168285542238545
42.65232791,-71.31945003,5,0,0,42.6523269939343,-71.3194474260324,-0.119771910627982,-0.17268714165632,1.80370294522797,1.80370294522797,0.210157463509882
42.65232951,-71.31945259,5,0,0,42.6523266811198,-71.3194492875065,-0.0896559534044034,-0.181224262326605,1.80434646429337,1.80434646429337,0.20218907793616
42.65233198,-71.31945081,4,0,0,42.6523272189368,-71.3194514558052,-0.04295713657248,-0.171778529712003,1.80455605295314,1.80455605295314,0.177068288670005
42.65233339,-71.31945586,5,0,0,42.6523289799454,-71.3194520264026,0.00998353343392609,-0.155643920366067,1.65541583244932,1.65541583244932,0.155963780688803
42.65233211,-71.31945737,5,0,0,42.6523305453853,-71.3194541979272,0.0500913810034191,-0.177500099849846,1.71289398073072,1.71289398073072,0.184432730006186
42.65233223,-71.31945839,5,0,0,42.6523313677232,-71.3194562773818,0.0571920378985271,-0.185162093916317,1.75535745487278,1.75535745487278,0.193793524717576
42.65233245,-71.3194579,4,0,0,42.6523319857517,-71.3194580260719,0.0517396257631075,-0.187534790877711,1.78217362654507,1.78217362654507,0.194541220988389
42.65233188,-71.31945704,5,0,0,42.6523324390715,-71.3194588751497,0.0287349735985256,-0.221403966247581,1.64869879570667,1.64869879570667,0.223260867547065
42.65233165,-71.31945747,5,0,0,42.6523324079001,-71.3194594663821,0.0165235686023253,-0.19035143294602,1.7117553306505,1.7117553306505,0.191067256074815
42.65233142,-71.31945772,5,0,0,42.6523322324188,-71.3194597975177,0.00531210279333121,-0.156649116776251,1.75600474281898,1.75600474281898,0.1567391598257
42.65233132,-71.31945794,5,0,0,42.6523319715499,-71.3194598990507,-0.00347969707187696,-0.121968450855822,1.78285369898513,1.78285369898513,0.122018077742116
42.65233123,-71.31945818,5,0,0,42.6523317171642,-71.3194598498682,-0.00513513859426065,-0.085800088541725,1.79702355704916,1.79702355704916,0.0859536202969376
42.65233117,-71.31945818,5,0,0,42.6523315136586,-71.3194597053427,-0.00823876252941903,-0.0627929083426293,1.80339448899112,1.80339448899112,0.0633310867279412
42.6523305,-71.31945779,5,0.24,0,42.6523313437598,-71.3194594886753,-0.00591939688746695,-0.0447206168635941,1.80566101574552,1.80566101574552,0.0451106731513921
42.65232007,-71.31945979,5,0,0,42.6523310080338,-71.3194590180415,-0.0149320561239118,-0.0150134159466072,1.80613824634686,1.80613824634686,0.0211747245194239
42.65230714,-71.31946659,5,0.3,0,42.6523269781541,-71.3194593755634,-0.117805954534137,-0.0245043717411802,1.8060533972398,1.8060533972398,0.120327499592276
42.65230022,-71.31946691,5,0,0,42.6523191836132,-71.3194619911781,-0.290556026841371,-0.0814912386821019,1.80593480288319,1.80593480288319,0.301767504406599
42.65229373,-71.31947134,5,0,0,42.6523107814121,-71.3194642040871,-0.43396682801431,-0.115920612629441,1.80593388290969,1.80593388290969,0.449182364134198
42.65228767,-71.3194706,4,0,0,42.6523023049702,-71.3194673985362,-0.54715920057765,-0.175792287125245,1.80603876529184,1.80603876529184,0.574705245312323
42.65228892,-71.31947256,4,0,0,42.6522935625454,-71.3194695864746,-0.634247548500316,-0.186019235928304,1.65658679124902,1.65658679124902,0.660963772769742
42.6522888,-71.31946866,4,0,0,42.6522885070071,-71.3194717059959,-0.612846913160423,-0.194775251062239,1.57870106236845,1.57870106236845,0.643054225860166
42.65229006,-71.31946734,4,0,0,42.6522854483029,-71.3194715393419,-0.531343444278009,-0.141653779764005,1.54106135149125,1.54106135149125,0.549901490358634
42.65229218,-71.31946264,4,0,0,42.6522844406215,-71.3194706761926,-0.422063548475015,-0.079980804028285,1.52513748211751,1.52513748211751,0.429574868869598
42.65229517,-71.31946087,4,0,0,42.6522851795389,-71.3194680395019,-0.293355893672504,0.0107918246785779,1.51970676963027,1.51970676963027,0.293554328587208
42.65230234,-71.3194523,4,0,0,42.652287440745,-71.3194652603814,-0.15363952427482,0.0811528040844012,1.51848166196453,1.51848166196453,0.173755233101493
42.6523081,-71.31944559,4,0,0,42.6522922947353,-71.3194599166651,0.0200266332624314,0.206026699460912,1.51841725107743,1.51841725107743,0.206997746196873
42.65231411,-71.3194322,4,1.0673331,86.40000153,42.652298399908,-71.3194534020517,0.179393685407429,0.328464491779088,1.51835274346175,1.51835274346175,0.374260626734571
42.65232477,-71.31942367,5,0,0,42.6523056823037,-71.31944361746,0.345634962945616,0.514771856526989,1.51804313577561,1.51804313577561,0.620043217753941
42.65233482,-71.31941753,5,0,0,42.6523139038003,-71.3194341569516,0.483344893631905,0.639955117184653,1.64218641734241,1.64218641734241,0.801975584547847
42.65233625,-71.319414,5,0,0,42.6523237688841,-71.3194249090478,0.627465362072485,0.722003643533121,1.72400555307647,1.72400555307647,0.956557390790462
42.65234168,-71.31941173,5,0.33,144.3999939,42.652331578644,-71.3194171478314,0.674256652630871,0.751063395588592,1.77002509006075,1.77002509006075,1.00931573742316
42.65234485,-71.31941142,5,0,0,42.6523388917061,-71.3194112852835,0.706230351492325,0.711096085065341,1.79221802352009,1.79221802352009,1.00220704026874
42.65235029,-71.31940758,5,0,0,42.6523448175337,-71.3194075299213,0.680388717714636,0.631790211190101,1.80113057599895,1.80113057599895,0.928486767891174
42.65235253,-71.31940373,4,0,0,42.6523504286636,-71.3194041700155,0.657490626480095,0.5601811122912,1.80383137456404,1.80383137456404,0.86376895202189
42.65235884,-71.31940076,4,0,0,42.6523545225457,-71.3194012437416,0.598005841249841,0.503631567779524,1.654959303704,1.654959303704,0.781828460874245
42.65236044,-71.31940403,4,0,0,42.6523592697082,-71.3193984890736,0.568453627966795,0.447494723434919,1.57700136013722,1.57700136013722,0.723457707575713
42.65235954,-71.31940505,4,0.30479503,143.8999939,42.6523626610415,-71.3193983041273,0.518467400107097,0.334924953988582,1.53937609585074,1.53937609585074,0.617238341143895
42.6523672,-71.31940124,4,0.3,348.5,42.6523642380183,-71.3193992164706,0.428715944149838,0.219239266449001,1.52367864244283,1.52367864244283,0.481521771804124
42.65237373,-71.31939883,4,0,0,42.6523675787044,-71.3193987357261,0.408722935472641,0.182266558597909,1.51859942111402,1.51859942111402,0.447521548491799
42.65237599,-71.31939456,4,0,0,42.652372046434,-71.3193978186438,0.425642323769327,0.156256340549084,1.51773494610477,1.51773494610477,0.453417502689898
42.65237945,-71.31939273,4,0,0,42.6523757643072,-71.3193957672923,0.418691995167225,0.17480046139923,1.51796642588955,1.51796642588955,0.453715977371853
42.65238261,-71.31939144,4,0,0,42.652379349913,-71.3193937018148,0.404528210018251,0.185194276539467,1.51810902669363,1.51810902669363,0.444904475998553
42.65239188,-71.31939417,4,0.48,0,42.6523826993927,-71.3193918777277,0.389957530606979,0.190273120896673,1.51792620787482,1.51792620787482,0.433901758711408
42.65239066,-71.31939403,4,0.42011902,185.5,42.6523882153796,-71.3193915843145,0.449782034922566,0.164256014455251,1.51753020265512,1.51753020265512,0.478836002430695
42.65238561,-71.31939601,4,0.46097723,185.5,42.6523914800993,-71.3193918043249,0.413681707564291,0.110305114821206,1.51708584220073,1.51708584220073,0.428135228086906
42.65238271,-71.31939742,5,0,0,42.6523914001387,-71.3193929841899,0.30148561938399,0.0331564329369155,1.51670343609151,1.51670343609151,0.303303359263376
42.65238121,-71.31940234,4,0,0,42.6523902523192,-71.3193942535181,0.192696422590401,-0.00735163300914093,1.64083631964515,1.64083631964515,0.192836609042577
42.6523813,-71.31940514,5,0,0,42.6523876405591,-71.319397499462,0.0734292090804314,-0.0877263171199343,1.58626526558114,1.58626526558114,0.114401728403049
42.65237817,-71.31940245,5,0,0,42.6523859184705,-71.3194005560677,0.00494259977720175,-0.154816471833242,1.68179503779826,1.68179503779826,0.154895349328024
42.6523758,-71.31940151,5,0,0,42.6523832434254,-71.3194020637972,-0.066213838336451,-0.148582267017753,1.74318831100723,1.74318831100723,0.162668258917899
42.65236648,-71.31940368,5,0.42379242,185.5,42.6523802398057,-71.3194026663268,-0.127681033465414,-0.131484240775954,1.77752621029133,1.77752621029133,0.183277254123978
42.65236004,-71.31940767,5,0.35735136,75.69999695,42.6523746018519,-71.3194039068343,-0.246069266529777,-0.134277205214515,1.794291493285,1.794291493285,0.280322050097247
42.65235828,-71.3194063,5,0,0,42.6523681799156,-71.3194059454299,-0.348368257495222,-0.152029101694445,1.8013063126778,1.8013063126778,0.380096422756486
42.65235594,-71.31940226,5,0,0,42.652362745367,-71.3194068868649,-0.400326612838319,-0.136544742511864,1.80370915340664,1.80370915340664,0.422972651189451
42.65235607,-71.31940017,5,0,0,42.6523581504684,-71.3194059449937,-0.421697265990594,-0.0834581555891328,1.80435214868636,1.80435214868636,0.42987654957939
42.6523542,-71.31939902,6,0,0,42.6523551470147,-71.3194043070024,-0.397813193408175,-0.0196705539264838,1.80456083333852,1.80456083333852,0.398299218605039
42.65235505,-71.31939576,6,0.24,59.20000076,42.6523525794549,-71.3194027269353,-0.359224052366215,0.0267157110250046,1.92033168228721,1.92033168228721,0.36021611431747
42.65236072,-71.31938661,6,0.04,0,42.65235149744,-71.3194002045005,-0.297428363797098,0.0863628222349462,1.99764163680475,1.99764163680475,0.30971304243671
42.65236006,-71.31938376,6,0.31780496,59.20000076,42.6523530065168,-71.3193950857535,-0.188794002106804,0.198317598233758,2.04275180268312,2.04275180268312,0.273812061459517
42.65236283,-71.31937528,6,0,0,42.6523545271542,-71.3193900321226,-0.0994112101255025,0.278387313112033,2.06585482380425,2.06585482380425,0.295604608895656
42.65236378,-71.31936944,6,0,0,42.6523568578474,-71.3193834125988,-0.0135510094072608,0.372099447272369,2.07606136314649,2.07606136314649,0.372346113873044
42.65236554,-71.31937221,6,0,0,42.6523591851848,-71.3193765488218,0.0436260344460749,0.454575527169729,2.07975023239403,2.07975023239403,0.456664144402785
42.65236842,-71.31937744,5,0,0,42.6523616257757,-71.3193725760962,0.0937322819368411,0.445730185164951,2.08070687864061,2.08070687864061,0.4554790210803
42.65236566,-71.31937284,5,0,0,42.6523647462602,-71.3193722049074,0.147637439102466,0.347282095838663,1.94587936766216,1.94587936766216,0.377361454728525
42.65236041,-71.31937209,5,0,0,42.6523658596746,-71.3193706297735,0.139067427643482,0.30539025919839,1.87151531694054,1.87151531694054,0.335563644998434
42.65235946,-71.31937961,5,0,0,42.6523645967978,-71.3193695481984,0.0744636477641837,0.256951601960695,1.83357086800257,1.83357086800257,0.267523757054426
42.65235857,-71.31938213,5,0,0,42.6523631287522,-71.3193718359725,0.0138879412081192,0.135511985478363,1.81646424768931,1.81646424768931,0.136221779166506
42.65236165,-71.31938227,5,0,0,42.6523615493887,-71.3193748393522,-0.0224119543522514,0.0227365647979291,1.81012838986838,1.81012838986838,0.0319256491977505
42.65236456,-71.31938355,5,0,0,42.6523614679909,-71.3193774060078,-0.0236237804596433,-0.048890387571411,1.80853964245871,1.80853964245871,0.0542987384760292
42.65236556,-71.319384,4,0,0,42.6523624611994,-71.3193798890947,0.00583478183817165,-0.101363575183026,1.80852075841322,1.80852075841322,0.101531369797635
42.65236513,-71.31938445,4,0,0,42.6523637757961,-71.3193820893039,0.035483507145681,-0.134339438360114,1.65868267646775,1.65868267646775,0.138946622766689
42.65236511,-71.31938439,4,0,0,42.6523644913253,-71.3193837034702,0.0448212702578572,-0.146078218666444,1.58048169099298,1.58048169099298,0.152799843705055
42.65236591,-71.31938201,4,0.5080354,59.20000076,42.6523649598823,-71.3193847251099,0.0508270578381644,-0.130135567613328,1.54246379877517,1.54246379877517,0.139709182828213
42.65237166,-71.31937878,4,0.60415226,33.59999847,42.6523657440101,-71.3193842715389,0.0627840319242047,-0.0853591090200868,1.52613942168478,1.52613942168478,0.105962314798057
42.6523797,-71.31938311,4,0,0,42.6523684411215,-71.3193824474529,0.122388277355642,-0.00952918756540792,1.52035363050439,1.52035363050439,0.122758689508068
42.65237655,-71.31938697,4,0,0,42.6523733552784,-71.3193827502064,0.224603504193884,-0.0110734806051237,1.5188587160231,1.5188587160231,0.224876312823037
42.65237286,-71.31939453,4,0,0,42.6523757389049,-71.3193844105337,0.235680109984935,-0.0524696166714195,1.51861493706546,1.51861493706546,0.241450149960933
42.65237159,-71.31939955,4,0.4,0,42.6523758768927,-71.3193885253843,0.175645445176655,-0.153385354602211,1.51844512890256,1.51844512890256,0.233191743888482
42.6523722,-71.31940724,4,0,0,42.6523751676333,-71.3193933674997,0.108055965410198,-0.237572406342387,1.51808114134816,1.51808114134816,0.260991838792025
42.65237312,-71.3194182,4,0,0,42.6523746042584,-71.3193998713199,0.0694778496007928,-0.354240443307992,1.51759287583804,1.51759287583804,0.360989561151279
42.65237473,-71.31942465,4,0,0,42.6523744040891,-71.3194086732132,0.0462184559819038,-0.503810033867767,1.51710827715297,1.51710827715297,0.505925583361024
42.65237778,-71.31943313,4,0.82861334,33.20000076,42.6523747697582,-71.3194173638838,0.0423271397311638,-0.609458545068188,1.51671179480921,1.51671179480921,0.610926595356966
42.65238269,-71.31943973,4,0,0,42.6523762945948,-71.3194262758101,0.0804050596629522,-0.688093079748279,1.51643108851811,1.51643108851811,0.69277489851818
42.65238417,-71.31944763,4,0.21931712,33.20000076,42.6523791398464,-71.3194349701019,0.135129759191229,-0.751340045620382,1.51625551236046,1.51625551236046,0.763394993415543
42.65238301,-71.31944714,4,0,0,42.6523817945041,-71.3194436294301,0.178037204723809,-0.789837447403278,1.51615807711583,1.51615807711583,0.809654518659899
42.65237805,-71.31945289,4,0.63890535,33.20000076,42.6523831846,-71.3194490886778,0.172750112206899,-0.73044852903762,1.51611058781032,1.51611058781032,0.750598197999914
42.65238109,-71.31945339,4,0.61,0,42.6523822660824,-71.3194541557626,0.109212167931415,-0.669106686962451,1.51609085712193,1.51609085712193,0.677960954747504
42.65238203,-71.31945362,4,0.31,0,42.6523823923239,-71.3194571421333,0.0803897335006075,-0.571768483243926,1.51608433079646,1.51608433079646,0.577392161085824
42.65238155,-71.31945743,4,0.45,0,42.6523826744237,-71.3194586837937,0.0691821640644584,-0.46110607998578,1.51608286904459,1.51608286904459,0.466267078855557
42.65238346,-71.31945795,4,0,0,42.6523826090316,-71.3194604584276,0.0515618811945754,-0.378562411427491,1.51608266664044,1.51608266664044,0.382057753406629
42.65238528,-71.31945401,4,0,0,42.6523832019263,-71.3194614851732,0.0517058280406189,-0.310448082886103,1.51608236942032,1.51608236942032,0.314724490341986
42.65238291,-71.31945306,4,0,0,42.6523842611362,-71.3194602734667,0.063242065796499,-0.198592775889862,1.51608175897945,1.51608175897945,0.208419407737978
42.65238146,-71.31945157,4,0,0,42.6523840787562,-71.3194585774124,0.0440104756215593,-0.0996405433509985,1.51608099745973,1.51608099745973,0.108927314497871
42.65238053,-71.31944655,4,0,0,42.652383315803,-71.3194564425691,0.0127071913099243,-0.0137904083838979,1.51608027759858,1.51608027759858,0.0187522818446635
42.65237598,-71.31944709,5,0.35355338,33.20000076,42.6523823277334,-71.3194527653364,-0.0219259423123073,0.0913966733961931,1.5160797098829,1.5160797098829,0.0939898869781905
42.65237319,-71.31944368,5,0,0,42.6523801960065,-71.3194502718392,-0.0713156648505296,0.140534829812051,1.6404304549221,1.6404304549221,0.15759429698874
42.6523734,-71.31944026,6,0,0,42.6523773887372,-71.3194472266634,-0.12446262666811,0.181309962732081,1.72268929017603,1.72268929017603,0.21991873049614
42.65237186,-71.31943741,6,0,0,42.6523754241868,-71.3194440019316,-0.145709735760028,0.220351752635992,1.88003248549503,1.88003248549503,0.264170819707648
42.65237031,-71.31943395,6,0,0,42.6523734347241,-71.319440595698,-0.161907180552661,0.253084898478597,1.98060557480786,1.98060557480786,0.300442841406538
42.65237074,-71.31943013,5,0,0,42.6523714844062,-71.3194369500905,-0.1714502440567,0.284979342224385,2.03623218288989,2.03623218288989,0.332578429369292
42.65237125,-71.31942501,6,0.29732138,33.20000076,42.6523703219883,-71.3194328631379,-0.159571759083394,0.320182262852902,1.93022920215906,1.93022920215906,0.357742683702369
42.65237084,-71.31942438,6,0.24207437,33.20000076,42.6523698098973,-71.3194283660478,-0.132095825213135,0.362042315750366,1.98970683255977,1.98970683255977,0.385388045264285
42.65236554,-71.31942802,6,0,0,42.6523694866742,-71.3194249319171,-0.101866550044192,0.361083218151429,2.02983643036112,2.02983643036112,0.375177137427773
42.65236058,-71.31942635,6,0,0,42.6523675789679,-71.319424013085,-0.127496274650826,0.295511174671772,2.05452451521879,2.05452451521879,0.321841815812876
42.65236021,-71.31942441,6,0,0,42.6523644725498,-71.3194232082082,-0.176918678238839,0.243999531237518,2.06845848816616,2.06845848816616,0.301390095978461
42.65235998,-71.31942682,6,0,0,42.6523620363417,-71.3194222960375,-0.196104283656285,0.20560144625086,2.07569436090367,2.07569436090367,0.284128218888568
42.65236195,-71.31943408,6,0,0,42.6523602605339,-71.3194227443626,-0.198230668480928,0.139653335063414,2.07916812114663,2.07916812114663,0.242483920952977
42.65236557,-71.31942856,6,0,0,42.6523597679303,-71.3194259211378,-0.158194429861186,0.0372530642582051,2.08074433884393,2.08074433884393,0.162521593752128
42.65237285,-71.3194275,6,0,0,42.652360920923,-71.3194266334997,-0.0896131390644553,0.00874526847920342,2.08147483187962,2.08147483187962,0.0900388494693194
42.65237466,-71.3194328,5,0,0,42.6523645736693,-71.3194268868826,0.022006254775512,0.000857510489570104,2.08188088691709,2.08188088691709,0.0220229556028356
42.65237666,-71.31943183,5,0,0,42.6523686120398,-71.3194291861986,0.119227119532207,-0.0535580908432394,1.94704359873009,1.94704359873009,0.130704151145707
42.6523752,-71.31943372,6,0.23769729,33.20000076,42.6523722479275,-71.3194304540284,0.183698554739957,-0.0775381370053509,1.87275430758347,1.87275430758347,0.199392381258186
42.65237387,-71.31942858,6,0,0,42.6523743014956,-71.3194318692813,0.190482897780157,-0.0919418486751171,1.95427098676061,1.95427098676061,0.211511318573082
42.65237595,-71.31942795,5,0,0,42.6523752093549,-71.3194312749313,0.170948125327427,-0.0534546305776675,2.01312874438242,2.01312874438242,0.179110745303448
42.65237842,-71.31942925,5,0,0,42.6523763719819,-71.3194302722241,0.152801846544158,-0.0169468093998492,1.9187594854504,1.9187594854504,0.153738735054439
42.65237877,-71.31942854,5,0,0,42.652377934051,-71.3194299809924,0.157601140914163,-0.00302582082057616,1.86299782151875,1.86299782151875,0.157630184955433
42.65237824,-71.31942925,5,0,0,42.6523790736707,-71.31942946977,0.150647745354649,0.0130661337431893,1.8324678407913,1.8324678407913,0.151213316316501
42.65238058,-71.31942812,5,0,0,42.6523795738843,-71.3194293178166,0.122022437975834,0.00706590806508004,1.81738299418862,1.81738299418862,0.122226848222272
42.65238308,-71.31942899,5,0,0,42.6523805879636,-71.319428847847,0.120495467855727,0.0214787084761719,1.81089757708315,1.81089757708315,0.122394822977016
42.65238295,-71.31942346,5,0,0,42.6523821307548,-71.3194287842045,0.134651691217548,0.0165895638779201,1.80862621808303,1.80862621808303,0.135669788742393
42.65238218,-71.31941899,5,0,0,42.6523831458099,-71.3194267699709,0.12685251750839,0.0636889103907617,1.80806720126754,1.80806720126754,0.141943081920109
42.65238288,-71.31941664,5,0,0,42.6523834748966,-71.3194236182836,0.100245082614349,0.133355776112634,1.80799247781753,1.80799247781753,0.166831770388498
42.65238344,-71.3194158,5,0,0,42.65238379509,-71.3194203819272,0.0827907577761548,0.180433796496723,1.80792253276612,1.80792253276612,0.198521194060913
42.65238412,-71.31941466,5,0,0,42.6523841075364,-71.3194177639497,0.0730385267858131,0.207762383605201,1.80774946246394,1.80774946246394,0.220226779562242
42.65238112,-71.31940791,5,0.8065358,33.20000076,42.6523845004063,-71.3194155319592,0.0690009682370682,0.211618629463333,1.80750803940148,1.80750803940148,0.222583867235684
42.65238547,-71.31940307,5,0,0,42.6523838258538,-71.319411373827,0.0399930708655339,0.275492145321765,1.80725982837606,1.80725982837606,0.278379898432419
42.65237896,-71.31939419,5,0,0,42.6523846335304,-71.3194069024775,0.0511311671785016,0.324398839124548,1.8070483915216,1.8070483915216,0.328403719653707
42.65237639,-71.31938094,5,0,0,42.6523828575683,-71.3194005762633,-0.0111265516436005,0.407361712187297,1.80689142438745,1.80689142438745,0.407513637449895
42.65237349,-71.31937627,5,0,0,42.6523804598298,-71.3193913041548,-0.0673382873515552,0.543073796526491,1.80678754853642,1.80678754853642,0.547232668448382
42.65237465,-71.31936626,5,0,0,42.6523775808176,-71.3193829720147,-0.122793929735,0.624500165520749,1.80672582136742,1.80672582136742,0.636458015830744
42.65236753,-71.31936401,5,0,0,42.6523758668378,-71.3193735991158,-0.138567825841506,0.713291236733458,1.80669303258568,1.80669303258568,0.726626059785353
42.65236577,-71.31935835,5,0,0,42.6523721156765,-71.3193663231417,-0.20437663168373,0.718396956668938,1.80667774977138,1.80667774977138,0.746902935413685
42.65235952,-71.31935543,5,0,0,42.6523687305991,-71.3193596085535,-0.239072468349275,0.720085591928396,1.8066717613433,1.8066717613433,0.758735068930838
42.65235593,-71.3193543,5,0.2745906,33.20000076,42.6523641270229,-71.3193542534975,-0.301871605102562,0.679368843712057,1.80666997602764,1.80666997602764,0.743416768558428
42.65235489,-71.31936001,5,0,0,42.6523596141002,-71.3193505500916,-0.341740044293702,0.610563660134128,1.80666966793834,1.80666966793834,0.69969582030354
42.65235249,-71.31935547,5,0.6092619,33.20000076,42.6523560844646,-71.3193507097894,-0.353834739208925,0.459042976745952,1.80666962377655,1.80666962377655,0.579585608146745
42.65235538,-71.31935285,5,0,0,42.6523530288118,-71.3193497724428,-0.333960317431147,0.376344533712564,1.80666945388781,1.80666945388781,0.503154749231327
42.652351,-71.31934511,5,0,0,42.6523520959782,-71.3193488742265,-0.277281643942253,0.30422407315895,1.80666913531533,1.80666913531533,0.411627740509239
42.65234983,-71.3193432,5,0,0,42.6523502210834,-71.3193458905608,-0.26142032048163,0.308377683882366,1.80666875690181,1.80666875690181,0.404273892154033
42.65234581,-71.31933256,5,0.42,0,42.6523486834639,-71.3193432710339,-0.235198827155254,0.297772064856037,1.80666840409593,1.80666840409593,0.379455782541043
42.65234416,-71.31933554,5,0,0,42.652346389947,-71.3193376395584,-0.237873382724297,0.372246968636329,1.80666812404665,1.80666812404665,0.44175960868739
42.65233799,-71.31933414,6,0,0,42.6523443142074,-71.3193348935367,-0.233013738020856,0.351647518431513,1.80666792794759,1.80666792794759,0.421842837233837
42.65232459,-71.31933368,6,0.68,0,42.652340963125,-71.3193326558386,-0.259962417807784,0.326514707027154,1.92244158216155,1.92244158216155,0.41736352569133
42.65232042,-71.31933245,6,0,0,42.6523340635718,-71.3193308817417,-0.374282346570181,0.299223865980886,1.99947173991359,1.99947173991359,0.479189103514081
42.65231001,-71.3193309,5,0.42201898,33.20000076,42.6523273624125,-71.3193297768917,-0.451297882584005,0.258081209235579,2.04415770626574,2.04415770626574,0.519880456821859
42.6523085,-71.31933025,5,0,0,42.6523184503207,-71.3193287472137,-0.568588329129602,0.224948207679035,1.933616882354,1.933616882354,0.611469037777386
42.65229618,-71.31933439,5,0,0,42.6523117592363,-71.3193281339828,-0.596929040238775,0.188867159515514,1.86826576609103,1.86826576609103,0.626095107011581
42.65228687,-71.31933074,6,0,0,42.6523028879115,-71.3193294254144,-0.676542111930784,0.105304109321784,1.83278657391591,1.83278657391591,0.684688385074421
42.6522791,-71.31933027,5,0,0,42.6522938931762,-71.3193292542162,-0.740593146336458,0.0893702547482763,1.93271945856754,1.93271945856754,0.745965985038397
42.65227366,-71.3193309,5,0,0,42.6522844856025,-71.319329169366,-0.799128306366481,0.0666396754020224,1.87717457405049,1.87717457405049,0.801902049114383
42.65226639,-71.31932901,5,0,0,42.6522762833084,-71.3193294566382,-0.814669863309197,0.0445643233580646,1.84306286633135,1.84306286633135,0.815887838554165
42.6522495,-71.31932884,5,0.5235456,33.20000076,42.6522683500516,-71.3193290556774,-0.818135876136445,0.0400280517655282,1.82383410639662,1.82383410639662,0.819114495507003
42.65223975,-71.31933463,5,0,0,42.6522572692638,-71.3193285855695,-0.898065830690923,0.0444093684113106,1.81405322854474,1.81405322854474,0.899163182218483
42.6522316,-71.31933104,5,0,0,42.6522461383066,-71.319330537538,-0.964414896140982,-0.014092026142857,1.80968269127573,1.80968269127573,0.964517846957448
42.65222902,-71.31933235,5,0.4248529,33.20000076,42.6522357335743,-71.3193307960517,-0.993066292830847,-0.0130738713590103,1.80804668428484,1.80804668428484,0.993152348871568
42.65222837,-71.3193287,5,0.31780496,33.20000076,42.6522280997088,-71.3193312827165,-0.939784373722979,-0.0199097040979682,1.80757680164519,1.80757680164519,0.939995247547114
42.6522309,-71.31932774,5,0.47169906,33.20000076,42.6522232520926,-71.3193303490087,-0.830759095672181,0.0165483143473757,1.80747780942218,1.80747780942218,0.830923896484991
42.65223781,-71.3193288,5,0.62201285,33.20000076,42.6522216863157,-71.3193291577528,-0.659961855689965,0.0489196422254706,1.80742116618978,1.80742116618978,0.661772455124275
42.652242,-71.31933118,5,0,0,42.6522241279827,-71.3193285574242,-0.424201030173788,0.0618079905803766,1.80731791315216,1.80731791315216,0.428680232457815
42.65224305,-71.3193263,5,0,0,42.6522283257456,-71.3193291752634,-0.217144217723737,0.0301797580925867,1.80717689362018,1.80717689362018,0.219231450958527
42.65224166,-71.31932604,5,0,0,42.6522324867452,-71.319327974667,-0.0522608275139441,0.0529445104498169,1.80703047611081,1.80703047611081,0.0743929786956604
42.65224309,-71.31932267,5,0,0,42.6522355233262,-71.3193269924587,0.0379963800368948,0.0642648905699066,1.80690399356338,1.80690399356338,0.0746572237353507
42.65224506,-71.31931801,5,0,0,42.6522384604874,-71.319325088892,0.104784278062294,0.101685550968363,1.80680870103762,1.80680870103762,0.146012657686845
42.65224444,-71.31931781,5,0,0,42.6522414056289,-71.3193219881635,0.152704494970077,0.157269364605629,1.80674464718522,1.80674464718522,0.219208384482721
42.65224422,-71.31931529,5,0.3324154,33.20000076,42.6522433184145,-71.3193196361144,0.16181110886733,0.17246856284147,1.80670590679857,1.80670590679857,0.236491522303606
42.65224857,-71.3193202,6,0,0,42.6522445820356,-71.3193170345433,0.15637593695052,0.206943267721033,1.80668487528006,1.80668487528006,0.259381860800273
42.65224548,-71.31932067,6,0,0,42.6522467477458,-71.3193168735316,0.175048754672072,0.161037577677213,1.92244947068739,1.92244947068739,0.237855350867681
42.65224634,-71.31931905,6,0,0,42.6522472968115,-71.3193172430834,0.147749466433014,0.109127224758372,1.99947534333285,1.99947534333285,0.18368085369658
42.65225177,-71.31931522,6,0,0,42.652247782456,-71.3193172599305,0.120596415963539,0.0812363300675251,2.04415967199353,2.04415967199353,0.145405766275243
42.6522533,-71.3193147,6,0,0,42.6522498127068,-71.3193161150938,0.143480402685033,0.091543061980188,2.06683374847336,2.06683374847336,0.170196234245555
42.65224993,-71.31931575,6,0,0,42.6522518006447,-71.3193151271352,0.155952297587955,0.0927140876328416,2.07668558115362,2.07668558115362,0.181430485774999
42.6522466,-71.31931801,6,0,0,42.6522519984496,-71.3193148395569,0.125164380581432,0.0777411444609406,2.08011701642477,2.08011701642477,0.14734248439751
42.65224467,-71.31932124,6,0,0,42.6522508056867,-71.319315517219,0.066263505423013,0.0430773806200429,2.08090530486337,2.08090530486337,0.0790348838933146
